id,context,question,answer
893,"The Board's policy on tenure is that continuity and experience are considered to add significantly to the strength of the Board and, as such, there is no limit on the overall length of service of any of the Directors.",Why is there no limit on the overall length of service for any of the Directors?,The Board's policy on tenure is that continuity and experience are considered to add significantly to the strength of the Board
99,"• NAV per share grew from 98.5p to 104.9p over the year mainly due to operating outperformance, changes in power price forecast, higher RPI inflation expectations and a change in discount rates.",What caused the NAV per share to grow from 98.5p to 104.9p over the year?,"operating outperformance, changes in power price forecast, higher RPI inflation expectations and a change in discount rates"
202,"The £13.2m year-on-year increase is attributable to an additional £7.6m of sales derived from acquisition growth, with the balance generated through organic growth within the Ecuphar business.",What drove the additional £7.6m of sales?,acquisition growth
1657,"VoltAir System has a capability to supply highly configurable, specialised solutions for heat recovery ventilation in new construction projects. A modular system that can be completed onsite enables us to supply ventilation products for applications where our competitors are restricted due to the size and configuration of their units.","What factors contribute to restricting their competitors compared to their modular system, which can be completed onsite?",the size and configuration of their units
1149,Performance load factor has decreased by 3.0 ppts due to a capacity increase of 12.3% and tough competition within the market.,What was the consequence of a capacity increase of 12.3% and tough competition within the market?,Performance load factor has decreased by 3.0 ppts
667,"Thanks to these new loans arranged during the year and the rollover of the syndicated loan for an additional year, 80% of the company’s available financial resources have a maturity of over 4 years.",What did the year's new loans and the one-year extension of the syndicated loan result in?,80% of the company’s available financial resources have a maturity of over 4 years
1804,"The Spitfire brand has broadened its appeal thanks to a portfolio consisting of lager, gold and amber variants.",What does Spitfire brand's broadened appeal owe to?,"a portfolio consisting of lager, gold and amber variants"
1826,"Our polyhalite product contains four of the six macro-nutrients (potassium, sulphur, magnesium and calcium) required for plant growth. Polyhalite is an effective, direct application, multi-nutrient fertilizer and can also be combined with nitrogen and phosphorous to create high-value NPK fertilizer products that contain all six macro- nutrients. As such, we are less exposed to the existing potash supply structure with respect to product supply and demand dynamics.",What is the explanation for the low exposure to the existing potash supply structure regarding product supply and demand dynamics?,"Polyhalite is an effective, direct application, multi-nutrient fertilizer and can also be combined with nitrogen and phosphorous to create high-value NPK fertilizer products that contain all six macro- nutrients"
355,Reviewing whether the Company should have an internal audit function. Again it was concluded that this was not required because of the simplicity of the Group's centralised business model combined with existing assurance activity in key control areas.,What led to the conclusion that having an internal audit function was not required?,the Group's centralised business model combined with existing assurance activity in key control areas
614,"During a challenging year, the Group delivered revenue growth of 7%. Due to continued margin pressures within the legacy Marketing Activation and Books segments, the Group's Adjusted operating profit fell from £33.3 million to £27.1 million.",What did the continued margin pressures within the legacy Marketing Activation and Books segments lead to?,the Group's Adjusted operating profit fell from £33.3 million to £27.1 million
1869,The amortisation charge in relation to IFRS3 intangible assets of £2.0m (2016: £1.9m) arose from separately identifiable assets recognised as part of previous acquisitions. The assets principally relate to software and customer relationships and are amortised over their expected life which was determined in the year the acquisition took place.,What were the consequences of separately identifiable assets being recognised as part of previous acquisitions?,The amortisation charge in relation to IFRS3 intangible assets of £2.0m (2016: £1.9m)
1727,"This risk is elevated as a result of on-going challenges in the operating environment in Tanzania, and our on-going disputes with the Government.",What reasons are behind the elevated risk?,"on-going challenges in the operating environment in Tanzania, and our on-going disputes with the Government"
732,"We have an extensive operations' footprint across 30 countries. Our broad range of products are therefore never far from where they need to be, allowing us to meet our customers' needs quickly and easily, as well as reducing the number of deliveries to our customers, thereby cutting fuel usage, carbon emissions and administration.",What accounts for the broad range of products always being close to where they are needed?,We have an extensive operations' footprint across 30 countries
1906,The increasing customer demand for travel information and reservations has led to a rapid and ongoing increase in IT systems capacity.,What is the outcome of the augmented consumer demand for travel information and bookings?,a rapid and ongoing increase in IT systems capacity
1848,"IFRS 15 will be adopted from 1 January 2018 and therefore in next year's audited financial statements, Gamma will restate the 2017 figures under the new accounting policies (which are set out in Note 3).",Why will Gamma restate the 2017 figures under the new accounting policies in next year's audited financial statements?,IFRS 15 will be adopted from 1 January 2018
487,"Our clinical platform and disease in motion-based discovery research in flu has enabled us to identify the signalling pathways that we believe are active in severe flu and create a process for identifying what could be the true levers of this disease. Our pioneering work in identifying a drug target for the treatment of severe flu (HVO-001) led to a patent application in 2017, and, if possible, we plan to leverage non-dilutive funding to advance this invention through government grants and collaborations.",What have the clinical platform and disease-in-motion-based discovery research in flu led to?,identify the signalling pathways that we believe are active in severe flu and create a process for identifying what could be the true levers of this disease
1590,"Prudent investment in our key assets We continue to invest in our fleets in a disciplined way, and took delivery of 272 vehicles in the year. As a result of our fleet investment programme our fleet is now fully compliant with the Disability Discrimination Act ('DDA')",What happened due to their fleet investment programme?,our fleet is now fully compliant with the Disability Discrimination Act ('DDA')
770,"Impairment losses decreased to £4.4m in 2017 (2016: £9.0m) representing 7bps on average gross loans and advances (2016: 16bps). The decrease was primarily due to increased prudency in assumptions introduced in 2016 following the UK referendum vote to leave the EU, as well as lower underlying loan losses",What were the main reasons for the decrease?,"increased prudency in assumptions introduced in 2016 following the UK referendum vote to leave the EU, as well as lower underlying loan losses"
649,"• Under the new policy, awards will be made as PSUs only and therefore the use of performance-based SARs will be discontinued. • As a result, the maximum opportunity level has been reduced to 600 percent of salary from 840 percent.",What will be the result of making awards as PSUs only under the new policy?,the use of performance-based SARs will be discontinued
1226,"The purchase process at Bankinter has been transformed in recent years as a result of the guidelines and requirements of European regulation and supervision organisations, in particular, the European Central Bank, the European Banking Authority (EBA) and the Single Resolution Board.",What impact did the new directives and mandates of European regulatory and supervisory bodies have?,The purchase process at Bankinter has been transformed in recent years
113,"Research and development expenses for the year ended 31 December 2017 amount to €10,564,000, compared to €2,344,000 for the year ended 31 December 2016. The increase of €8,220,000 is primarily due to the advancement of the Group's lead development asset, AP1 01, in 2017.","What prompted research and development expenses to increase by €8,220,000?","the advancement of the Group's lead development asset, AP1 01, in 2017"
1566,"Tuzistra XR has been available to patients in the US market for two cough cold seasons. During 2016/17 we markedly strengthened its position with payers, pharmacies, physicians and patients. As a result, we increased pharmacy stocking.",What action helped increasing pharmacy stocking?,"During 2016/17 we markedly strengthened its position with payers, pharmacies, physicians and patients"
886,"We aim to carefully align our Human Capital with our operational and growth requirements. We believe that we have currently achieved this alignment, due to the success of activities including our ongoing university recruitment and employee retention strategies.",What factors account for the achievement of aligning Human Capital with operational and growth requirements?,the success of activities including our ongoing university recruitment and employee retention strategies
604,Finance charges were higher in 2017 due to higher average usage of the corporate banking facilities as well as lower interest income received on cash collateral balances.,What factors contributed to finance charges being higher in 2017?,higher average usage of the corporate banking facilities as well as lower interest income received on cash collateral balances
566,There is no formal ongoing contractual commitment to the Group by the majority of vendors. As such they have a right to terminate their contractual relationships with the Group without notice or penalties.,What are the implications of the absence of a formal ongoing contractual commitment to the Group by the majority of vendors?,they have a right to terminate their contractual relationships with the Group without notice or penalties
790,"3 A lower fee environment and the impact on our business model of margin attrition due to: – Changes in investor demand, driven by derisking, or a focus on lower fee margin products – Compressed investment returns leading to greater fee sensitivity – Moves towards vertical integration.",What factors contributed to a lower fee environment and had an impact on their business model of margin attrition?,"Changes in investor demand, driven by derisking, or a focus on lower fee margin products – Compressed investment returns leading to greater fee sensitivity – Moves towards vertical integration"
617,"The general expenses increase year by year, mainly due to the transformation of the distribution model (store branches, InTouch), greater expenditure on technology, and new regulatory requirements.",What are the factors behind the increase of expenses year by year?,"the transformation of the distribution model (store branches, InTouch), greater expenditure on technology, and new regulatory requirements"
1232,"HEDGING Eland was unhedged throughout 2017 and thus benefited from the strong rise in the oil price in the latter half of 2017 and into 2018. The Company will continue to regularly review its approach to managing commodity prices, interest rate and currency fluctuations",Why did Eland benefited from the strong rise in the oil price in the latter half of 2017 and in 2018?,Eland was unhedged throughout 2017
1313,"Thanks to our technology and people, we feel well equipped to support and achieve our vision and fuel our online customers’ growth.",What is the impact of their techonology and capable team?,we feel well equipped to support and achieve our vision and fuel our online customers’ growth
51,"After taking account of these factors, underlying revenue increased in our business channel. Wholesale revenues have declined slightly during the year as a result of lower voice revenues and, as anticipated, our non-core contact centre and publishing revenues have continued to decline.",What has the decrease in voice revenues brought about?,Wholesale revenues have declined slightly during the year
133,"At the end of 2017 the Group's exposure to abandonment and decommissioning costs relating to the Chinguetti oil field totalled $32.5 million, based on settlement discussions with SMHPM (see Note 25 on page 87) being split between short-term provisions ($28.7 million) and trade payables ($3.8 million).",What caused the Group's exposure to abandonment and decommissioning costs relating to the Chinguetti oil field to total $32.5 million at the end of 2017?,settlement discussions with SMHPM (see Note 25 on page 87) being split between short-term provisions ($28.7 million) and trade payables ($3.8 million)
480,2 Simon Rowlands appointment was renewed for a further one-year period and a letter of appointment dated 23 July 2017 was issued to him. Due to the senior position Simon Rowlands previously held with Cinven Partners he is considered to be a non-independent Non-Executive Director.,What is the reason for Simon Rowlands being considered to be a non-independent Non-Executive Director?,the senior position Simon Rowlands previously held with Cinven Partners
722,"Also, to make further progress in the process to integrate operations with Orbital Sistemas Aerospaciales, S.L. (Noain, Navarre), a leader in the development of critical systems in the aeronautical, space and railway industries, of which the CAF Group purchased a 30% ownership interest in 2018, which can be increased based on the performance of certain business parameters. As a result of this ownership interest, the CAF Group expects to contribute to strengthening Orbital's current activities and to benefit from a state-of-the-art development base in critical systems with high security standards (hardware, software and integration, and validation services) in order to develop its own solutions in the railway industry.",What are the potential consequences of acquiring a 30% stake in Orbital?,"the CAF Group expects to contribute to strengthening Orbital's current activities and to benefit from a state-of-the-art development base in critical systems with high security standards (hardware, software and integration, and validation services) in order to develop its own solutions in the railway industry"
1580,"I am pleased to be announcing another year of strong results due to our clear, consistent strategy, the dedication of our people across the business and the strength of our management team. Our total revenues during this 53 week period have increased by 12% to £392.0 million.",Why did they have another year of strong results?,"our clear, consistent strategy, the dedication of our people across the business and the strength of our management team"
989,"In the summer of 2018, 204 airports were designated Level 3 slot-coordinated facilities, meaning that they do not have the runway, ramp or gate capacity to handle all of the flights that carriers would like to operate. At the same time, despite the strong investments in airports, Eurocontrol estimates that by 2040, 160 million passengers will be unable to fly due to a lack of airport capacity, resulting in €88 billion of lost economic activity across Europe. As technology can facilitate more efficient use of these scarce resources, the industry will need to invest in IT systems.",What is the factor that will prevent approximately 160 million passengers from flying and cause a €88 billion loss?,a lack of airport capacity
1370,The Audit Committee reviewed the appropriateness of management's proposed accounting treatment of existing and new revenue streams including in light of the expected impact of IFRS 15. The Audit Committee considered the appropriate accounting policies for certain new contracts and taking into account the views of the external auditor.,What was the consequence of the expected impact of IFRS 15?,The Audit Committee reviewed the appropriateness of management's proposed accounting treatment of existing and new revenue streams
1413,"The Insurance Support Services business delivered excellent top line growth, benefiting from a full year's contribution from CEGA, which secured additional business from high profile UK insurers. Overall profit was down because of our increased investment to build the capabilities of our insurance technology business, Charles Taylor InsureTech.",What caused overall profit to be down?,"our increased investment to build the capabilities of our insurance technology business, Charles Taylor InsureTech"
1725,"Long-term value creation through developing our oil assets, recovering monies owed for past sales and establishing the gas business. Therefore, PSP awards for 2018 will again be assessed 50% on relative TSR against our peer group, and 50% against absolute TSR targets.","What are the consequences of their long-term value creation efforts, including developing oil assets, recovering monies owed from past sales, and establishing the gas business?","PSP awards for 2018 will again be assessed 50% on relative TSR against our peer group, and 50% against absolute TSR targets"
723,"During 2017, an aggregate of $595,828 of loss of office payments were made to Mr. Silva as a result of his resignation as Chief Executive Officer on 10 March 2017","Why were loss of office payments totaling $595,828 made to Mr. Silva during 2017?",his resignation as Chief Executive Officer on 10 March 2017
737,"More accessible data, cheaper technology, new competition regulation and shifting customer expectations are the key drivers of change and are creating new challenges and opportunities for incumbent banks. These drivers are enabling new challenger banks to compete more effectively, from a lower cost base, and we have to respond.",What factors are responsible for enabling new challenger banks to compete more effectively from a lower cost base?,"More accessible data, cheaper technology, new competition regulation and shifting customer expectations"
1992,"UK 2017 was another difficult year for our UK Construction business due to the ongoing period of challenging market conditions and continued pockets of underperformance in operational delivery in a number of contracts, which resulted in a net loss result for the division.",What were the reasons for the net loss result in the division?,the ongoing period of challenging market conditions and continued pockets of underperformance in operational delivery in a number of contracts
265,"The malware, called WannaDecrypter, WannaCry or WCry, spread easily due to its ability to self-propagate an instruction in the malicious code told it to jump to other vulnerable machines if it cannot connect to a specified address. This is reminiscent of the worm outbreaks of the early 2000s.","What is the reason for the malware —known as WannaDecrypter, WannaCry, or WCry— spreading so easily?",its ability to self-propagate an instruction in the malicious code told it to jump to other vulnerable machines if it cannot connect to a specified address
171,"Although the Group has continued to perform very well and the Board believes that it operates successfully and with consensus, the Board acknowledges the benefits of using an external facilitator to assess its own performance and therefore it has been agreed that Prism Boardroom will facilitate an independent review of the performance of the Board during 2018.",What resulted from the Board acknowledging the benefits of using an external facilitator to assess its own performance?,it has been agreed that Prism Boardroom will facilitate an independent review of the performance of the Board during 2018
1209,"As a Jersey-registered company, the Company is not subject to UK legislation. However, in light of the Company's listing on the London Stock Exchange, the Remuneration Committee reviewed its remuneration practices and reporting to reflect the UK Government's remuneration reporting reforms contained in the Enterprise and Regulatory Reform Act.",What is the implication of the Company being registered in Jersey?,the Company is not subject to UK legislation
1979,"• The volume of premiums increased to €853 million, almost 7% up on 2017, thanks to the 5.3% increase in the Automotive area and the extraordinary pace of growth, 12.4%, in the Home sector.",What was the outcome of the 5.3% rise in the Automotive area and the rapid expansion in the Home sector?,"The volume of premiums increased to €853 million, almost 7% up on 2017"
196,"Foreign exchange management Due to the international reach of the Group, currency transaction exposures exist. The Group has a policy in place to hedge between 75% and 100% of local foreign currency exposures on a quarterly basis, and may further hedge material firm commitments and a proportion of highly probable",Why do currency transaction exposures exist?,the international reach of the Group
134,"• Under the new policy, awards will be made as PSUs only and therefore the use of performance-based SARs will be discontinued. • As a result, the maximum opportunity level has been reduced to 600 percent of salary from 840 percent.",What caused the reduction of the maximum opportunity level to 600 percent of salary from 840 percent?,"Under the new policy, awards will be made as PSUs only and therefore the use of performance-based SARs will be discontinued"
1470,"The Committee discussed the fact that, during the year to July 2017, the Directors became aware that a dividend paid in November 2015 totalling £32.4m had been made otherwise than in accordance with the Companies Act 2006, because interim accounts had not been filed at Companies House prior to payment.","What caused the dividend paid in November 2015, totaling £32.4 million, to be made otherwise than in accordance with the Companies Act 2006?",interim accounts had not been filed at Companies House prior to payment
829,"The year 2018 has been the second financial year of growth in the global seamless pipes business, leaving behind one of the largest crises derived from the plummet in oil prices that occurred in 2015 and 2016. The revival of the global investment in the oil and gas sector since 2017, after annual drops of 25 percent for two consecutive years, led to an increase of 6 percent in 2017 and 5 percent in 2018. The growth mainly occurred in the United States, where the number of active drilling rigs grew by 18 percent in 2018, following the increase of 72 percent that occurred in 2017, shored up by the progress in technology for exploiting the shale fields, leaving behind the 47 percent drops that occurred in 2015 and 2016.",What was the origin of the 6 percent increase in 2017 and 5 percent increase in 2018 regarding the growth in the global seamless pipes business?,"The revival of the global investment in the oil and gas sector since 2017, after annual drops of 25 percent for two consecutive years"
1138,"As noted in our Remuneration Policy, 2018 LTIP awards will be made under the new LTIP Rules approved at our 2017 AGM and will therefore be subject to a four-year vesting period plus a one-year post-vesting holding period.",What is the reason for the 2018 LTIP being subject to a four-year vesting period plus a one-year post-vesting holding period?,2018 LTIP awards will be made under the new LTIP Rules approved at our 2017 AGM
1822,Goodwill The goodwill on the Group's balance sheet at 31 December 2017 decreased to £874 million (2016: £937 million). The decrease was due to currency translation differences of £46 million and the disposal of goodwill relating to Heery International Inc of £17 million.,What factors contributed to the decrease in goodwill on the Group's balance sheet to £874 million as of 31 December 2017?,currency translation differences of £46 million and the disposal of goodwill relating to Heery International Inc of £17 million
1233,"The lower cash outflow in tax, dividends, etc. was due to lower investment in Cohort's own shares by the EBT on a net inflow of £0.5m (2016: outflow of £3.2m). Looking forward, we retain the flexibility to use newly issued shares as well as EBT shares.","What caused the lower cash outflow in tax, dividends, etc.?",lower investment in Cohort's own shares by the EBT on a net inflow of £0.5m (2016: outflow of £3.2m)
1167,We also announced the departure of both Colin Smith and David Smith from the Board in 2017. In both cases outstanding PSP awards were pro-rated and will vest at the normal time against achievement of the relevant performance conditions. The 2015 PSP awards have lapsed as the targets were not met. Neither Colin nor David participated in any incentive plans in 2017. David Smith's contractual payments were mitigated due to his external appointment to QinetiQ.,What is the reason the 2015 PSP awards did not lapse?,the targets were not met
691,"As at 30 April 2017, the Bespak's IAS 19 deficit was £40.6m compared with £23.4m as at 30 April 2016. The significant increase in the deficit was primarily due to a marked reduction in the discount rates.",What was the primary reason for the increase in Bespak's IAS 19 deficit from £23.4m in 2016 to £40.6m in 2017?,a marked reduction in the discount rates
1440,"Recognising that women are under-represented in our workforce (see Diversity below), we implement rules for the compensation of non-unionised employees based on gender-independent salary ranges. Currently, any differences in the compensation of men and women are primarily due to different seniorities.",What is the consequence of recognizing that women are under-represented in the workforce?,we implement rules for the compensation of non-unionised employees based on gender-independent salary ranges
923,The Committee undertook a review of the Committee's Terms of Reference and the Company's non-audit services policy in light of the change in the nature of the Committee's responsibilities and also of the new ethical standards.,What prompted the Committee to review its Terms of Reference and the Company's non-audit services policy?,the change in the nature of the Committee's responsibilities
1821,The Group had a reduced finance credit of £1.1m (2016: £2.4m) arising from the unwinding of the discount on its available for sale financial assets during 2017 as the portfolio was sold during the year. There were also other expenses of £0.2m (2016: income of £0.3m).,"What motivated the Group's £1.1m reduction in finance credit, compared to 2016's £2.4m?",the unwinding of the discount on its available for sale financial assets during 2017
912,"Arix has three very senior industry figures performing active day-to-day roles. Therefore, the loss of a single member of the executive team would be mitigated by the stature and experience of others within the organisation.",What is the consequence of Arix having three very senior industry figures actively involved in day-to-day roles?,the loss of a single member of the executive team would be mitigated by the stature and experience of others within the organisation
1802,Professional fees tax effected based on the applicable rate in the UK in the period in which incurred. Share-based compensation is not deductible for tax purposes and therefore not tax-affected.,Why shared-based compensation is not tax-affected?,Share-based compensation is not deductible for tax purposes
919,"Our strategic approach is based on long-term trends. We track consumer and occupier expectations, as well as key themes impacting our business, to ensure we address these in creating Places People Prefer. As the worlds of work and leisure become increasingly connected, this has led to our assets becoming more comprehensive and flexible.",What drove their assets to become more comprehensive and flexible?,the worlds of work and leisure become increasingly connected
213,"After taking account of these factors, underlying revenue increased in our business channel. Wholesale revenues have declined slightly during the year as a result of lower voice revenues and, as anticipated, our non-core contact centre and publishing revenues have continued to decline.",What were the consequences of taking account of these factors?,underlying revenue increased in our business channel
78,Our key remuneration outcomes. We are now three years on from the IPO and the Committee has undertaken a full review of Executive Director remuneration in light of the progress made by the Group and the strategic objectives the Board has for the Group over the next three years.,What are the implications of the Group's progress and the strategic objectives set by the Board for the next three years?,We are now three years on from the IPO and the Committee has undertaken a full review of Executive Director remuneration
244,"Our clinical platform and disease in motion-based discovery research in flu has enabled us to identify the signalling pathways that we believe are active in severe flu and create a process for identifying what could be the true levers of this disease. Our pioneering work in identifying a drug target for the treatment of severe flu (HVO-001) led to a patent application in 2017, and, if possible, we plan to leverage non-dilutive funding to advance this invention through government grants and collaborations.",What did the patent application in 2017 result from?,Our pioneering work in identifying a drug target for the treatment of severe flu (HVO-001)
1182,"The Group has sufficient financial resources which, together with internally generated cash flows, will continue to provide sufficient sources of liquidity to fund its current operations, including its contractual and commercial commitments and any proposed dividends. The Group is therefore well placed to manage its business risks.",Why is the Group well placed to manage its business risks?,"The Group has sufficient financial resources which, together with internally generated cash flows, will continue to provide sufficient sources of liquidity to fund its current operations, including its contractual and commercial commitments and any proposed dividends"
332,"The impacts of these risks may be felt in fines and inspections relating to breaches of environmental laws, irrevocable damage to the ecosystem and the effect on the milieu (population, etc.) as well as the additional cost to the CAF Group’s operations of the adverse effects of climate change. These impacts directly affect the short term; however, the last two impacts can also have medium-term effects since the environmental impacts are sustained over time. In this regard, it must be stated that no provisions have been recognised or guarantees given for environmental risks, since the Group does not have any litigation in progress or contingencies relating to environmental protection and improvement or environmental pollution events.",What effect does the Group not having any litigation in progress or contingencies relating to environmental protection and improvement or environmental pollution events entail?,no provisions have been recognised or guarantees given for environmental risks
1929,"Board support Board meetings are scheduled at least two years in advance and ad hoc meetings are arranged when required according to the needs of the business. The Board also has a programme which sets out the standing items for every meeting, key periodic activities such as approval of results, AGM documentation, business plans and assessment of evaluation results, as well as matters for more detailed focus owing to their significance to the Company. Comprehensive briefing papers are circulated to all Directors more than one week before each meeting.",What factor contributes to more-specialized matters being set out by the Board every meeting?,their significance to the Company
846,"A share-based payments charge of £4.5m (2016: £2.5m) was recognised during the year, including national insurance costs ('NI') on potential employee gains where applicable. The year-on-year increase in the charge was primarily due to further awards made in June 2016 under the Performance Share Plan and the Deferred Annual Bonus",What led to the year-on-year increase in the charge?,further awards made in June 2016 under the Performance Share Plan and the Deferred Annual Bonus
1379,Any new Non-Executive Director appointed to the Board would be paid no more than the Remuneration Committee considers reasonably necessary in light of market practice among other FTSE All Shares Index companies and the current remuneration of other Non-Executive Directors. His or her remuneration package would comprise the same components.,What do the market practices among other FTSE All-Share Index companies and the current remuneration of other Non-Executive Directors lead to?,Any new Non-Executive Director appointed to the Board would be paid no more than the Remuneration Committee considers reasonably necessary
409,"As noted in the Strategic Report, all of the Directors are non-executive and therefore there is no Chief Executive Officer (""CEO""). The Company does not have any employees. There is therefore no CEO or employee information to disclose.",Why is there no Chief Executive Officer?,"As noted in the Strategic Report, all of the Directors are non-executive"
1240,"As a consequence of the continuing improved trading performance and our confidence in the future, we propose an increase in dividends, subject to shareholder approval at the forthcoming annual general meeting to be held at the offices of Instinctif Partners, 65 Gresham Street, London EC2V 7NQ at 12 noon on Wednesday 21 March 2018.",What is the result of the continuing improved trading performance and their confidence in the future?,we propose an increase in dividends
1718,"Corporate social responsibility at Auto Trader is driven by our values and culture and is focused on making a difference to our employees, our community and our industry. This, along with our diversity and inclusion strategy, is embedded into how we operate on a daily basis. As an employer, it comprises employee engagement, rewards and recognition schemes, people development, health and safety, the environmental impact, sustainability and energy efficient operations.",What accounts for Corporate social responsibility at Auto Trader?,our values and culture
313,"Our PGM investment, a 6% stake in Sedibelo, had its ninth year of production. Due to the continued challenging price environment, the company remains focussed on minimising production costs and on cash preservation. Whilst other pro- ducers have raised equity to survive, Sedibelo has not been back to its shareholders",What did the continued challenging price environment entail?,the company remains focussed on minimising production costs and on cash preservation
1178,"Sir David Howard, because of his previous role as Chief Executive and his shareholding in the Company, is not considered to be independent.",What explains the fact that Sir David Howard is not considered to be independent?,his previous role as Chief Executive and his shareholding in the Company
1136,"As a result of the flood, Standfast has experienced a period of significantly disrupted production and loss of stock, machinery and profits. To date we have received £16.9 million in insurance receipts, covering costs plus business interruption losses and interim cash flow requirements, with further business interruption reimbursements expected.",What effect did the flood have on the Company?,"Standfast has experienced a period of significantly disrupted production and loss of stock, machinery and profits"
188,"• Good evolution of risk/country: since 2017, the risk premium has decreased in a significant and sustained manner, reflecting the greater confidence of international investors following the deficit adjustment in recent years and Portugal's brighter economic outlook.",What was the impact of the increased confidence of international investors after the recent deficit adjustment and of Portugal's positive economic outlook?,the risk premium has decreased in a significant and sustained manner
1424,"The board's intention continues to be to maintain or increase its normal dividend in future years. The board believes the anticipated increase in yield from its young plantations and the acquisition of Bumi Mas provide a basis for sustained future crop growth and, hence, enhanced dividends.",What are the reasons the board believes that dividends will increase?,the anticipated increase in yield from its young plantations and the acquisition of Bumi Mas provide a basis for sustained future crop growth
925,The Group had a reduced finance credit of £1.1m (2016: £2.4m) arising from the unwinding of the discount on its available for sale financial assets during 2017 as the portfolio was sold during the year. There were also other expenses of £0.2m (2016: income of £0.3m).,What caused the unwinding of the discount on its available-for-sale financial assets during 2017?,the portfolio was sold during the year
1072,"Externally, the distribution market is experiencing opportunity and challenge as a result of changes on many fronts. These include changing consumer expectations, the growth of click & collect and home delivery alternatives, the need for more flexible and speedy solutions, a trend of SMEs supplying direct to consumers, etc.",What factors explain the opportunities and challenges experienced by distribution makers?,"changes on many fronts. These include changing consumer expectations, the growth of click & collect and home delivery alternatives, the need for more flexible and speedy solutions, a trend of SMEs supplying direct to consumers, etc."
15,"In addition, our ability to successfully scale-up production processes to clinical trial or commercial levels is vital to the commercial viability of any product. Availability of raw materials is extremely important to ensure that products are manufactured on schedule and, therefore, dual sourcing is used where possible.",Why is dual sourcing used where possible?,Availability of raw materials is extremely important to ensure that products are manufactured on schedule
724,Papworth Hospital has extended the timeframe to September 2018 and therefore preparation for the transfer of the extensive archive of medical images is ongoing.,What does Papworth Hospital extending the timeframe to September 2018 imply?,preparation for the transfer of the extensive archive of medical images is ongoing
362,"RIA is the opening AUM/NUM of lost institutional clients, divided by total opening AUM/NUM. It excludes pension clients which have entered the Pension Protection Fund due to sponsor default or pensions who have moved to buy-in or buy-out, and redemptions arising fund benefit payments.",What causes the exclusion of pension clients which have entered the Pension Protection Fund?,"sponsor default or pensions who have moved to buy-in or buy-out, and redemptions arising fund benefit payments"
1907,"Colin Jones is on different arrangements as described elsewhere in this report and the details for the incoming CFO have not been agreed at this time, therefore the only chart shown below is for Andrew Rashbass, the CEO.","What is the reason for the only chart shown below being for Andrew Rashbass, the CEO?",Colin Jones is on different arrangements as described elsewhere in this report and the details for the incoming CFO have not been agreed at this time
1938,"Patagonia Gold retains its investment focus on Argentina and, for this reason, it continues to review opportunities to enhance its participation in the local mining business. Improved market sentiment coupled with the change in government in Argentina pose an excellent opportunity for Patagonia Gold to grow its business",Why does Patagonia Gold continue to review opportunities to enhance its participation in the local mining business?,Patagonia Gold retains its investment focus on Argentina
825,"• The production average increased by 3% compared to 2017, reaching 715 kboe/d in 2018. This increase is mainly due to ramp-up of production in Libya, the implementation of organic development projects TROC and Juniper (Trinidad and Tobago), Reggane (Algeria) the acquisition of the Visund field (Norway), Shaw and Cayley (United Kingdom), and the production of new wells in Marcellus (USA). This was offset by the effect of lower production in Venezuela and divestitures in the SK field (Russia).",What were the key drivers for production average increasing by 3% compared to 2017 and reaching 715 kboe/d in 2018?,"ramp-up of production in Libya, the implementation of organic development projects TROC and Juniper (Trinidad and Tobago), Reggane (Algeria) the acquisition of the Visund field (Norway), Shaw and Cayley (United Kingdom), and the production of new wells in Marcellus (USA)"
1715,"Twelve months later and the sector has rebounded strongly. Thanks to our efforts in 2016, Nostra Terra was well positioned to benefit greatly from this. The Company has since taken significant steps forward in realising its ambitions, delivering robust returns for shareholders.",What was the reason for Nostra Terra's strong position to greatly benefit from the sector rebound?,our efforts in 2016
245,"The Bank is also subject to prepayment risk, which is the risk that the Bank will incur a financial loss because its customers and counterparties repay or request repayment earlier than expected, such as fixed rate mortgages when interest rates fall.",What factors contribute to the risk of the Bank incurring a financial loss?,"its customers and counterparties repay or request repayment earlier than expected, such as fixed rate mortgages when interest rates fall"
1935,"Due to timing of the 2017 year end process, the actual short-term incentive figures for all other employees had not been finalized by the date of this report. Therefore, the 2017 short-term incentive figures represent target figures multiplied by the 2017 Corporate Bonus Modifier score approved by the Committee in early February.",What is the consequence of the actual short-term incentive figures for all other employees not being finalized by the date of this report?,the 2017 short-term incentive figures represent target figures multiplied by the 2017 Corporate Bonus Modifier score approved by the Committee in early February
568,"Our performance during 2017 was disappointing, primarily due to the changes we made over the last 24 months in our Sales and Lettings business.",What caused 2017's performance to be disappointing?,the changes we made over the last 24 months in our Sales and Lettings business
145,"Interest costs reduced to £0.8m (2016: £1.0m), as a result of the group's reduced borrowing costs following the refinancing in November 2016.",What factor contributed to the reduction in interest costs to £0.8m from £1.0m in 2016?,the group's reduced borrowing costs following the refinancing in November 2016
1443,The inability to develop technology to meet technological changes resulting in lost sales.,What are lost sales owed to?,The inability to develop technology to meet technological changes
943,"More accessible data, cheaper technology, new competition regulation and shifting customer expectations are the key drivers of change and are creating new challenges and opportunities for incumbent banks. These drivers are enabling new challenger banks to compete more effectively, from a lower cost base, and we have to respond.",What factors lead to change and create new challenges and opportunities for incumbent banks?,"More accessible data, cheaper technology, new competition regulation and shifting customer expectations"
237,"Recognising that women are under-represented in our workforce (see Diversity below), we implement rules for the compensation of non-unionised employees based on gender-independent salary ranges. Currently, any differences in the compensation of men and women are primarily due to different seniorities.",What is the primary reason for any current difference in the compensation of men and women?,different seniorities
70,"Feedback received from our employees suggested there was an even greater appetite to support charities. Therefore, as part of a wider range of key enhancements to our employee benefits this year we have created a new programme.","What did the feedback from their employees, suggesting there was an even greater appetite to support charities, lead to?",as part of a wider range of key enhancements to our employee benefits this year we have created a new programme
1978,During the year GoCompare made minority investments in MortgageGym Limited and Souqalmal Holdings Limited. The process of determining the fair value of these equity investments is inherently judgemental due to the companies being unquoted and by virtue of them being in a start-up phase.,What caused the process of determining the fair value of these equity investments to be inherently judgmental?,the companies being unquoted and by virtue of them being in a start-up phase
1659,"The Board sets the Company's values and objectives and ensures that its obligations to Shareholders are met. It has formally adopted a schedule of matters that are required to be brought to it for decision, thus ensuring that it maintains full and effective control over appropriate strategic, financial, and operational matters.",What is the result of the Board adopting a schedule of matters that are required to be brought to it for decision?,"ensuring that it maintains full and effective control over appropriate strategic, financial, and operational matters"
31,"Our business model is focused on clients' needs and desired investment outcomes, rather than a product-led approach to engagement. This approach results in higher client satisfaction and therefore low redemption rates. We measure this by RIA.",What is the result of higher client satisfaction?,low redemption rates
189,"In order to release investment capacity to support UL2L prioritisation we have cancelled all development programmes where we cannot identify a commercial partnership and do not believe we can commercialise the opportunity ourselves. As a consequence, £7.2m of balance sheet investment in these products has been impaired.",What has led to the impairment of £7.2 million in balance sheet investments in these products?,In order to release investment capacity to support UL2L prioritisation we have cancelled all development programmes where we cannot identify a commercial partnership and do not believe we can commercialise the opportunity ourselves
1190,"• Non-current assets increased to £452.3 million mainly due to the acquisition of Apex (£28.7 million), a 33.0% share of Medical Ethics (£11.0 million) and acquired intangibles for Animal Ethics (£30.1 million).",What were the main reasons non-current assets increased to £452.3 million?,"the acquisition of Apex (£28.7 million), a 33.0% share of Medical Ethics (£11.0 million) and acquired intangibles for Animal Ethics (£30.1 million)"
22,"This strengthen leads to growing end-user demand which is relatively unaffected by economic cycles, thereby mitigating against the risk of a downturn.",What is the effect of the strengthening?,growing end-user demand which is relatively unaffected by economic cycles
227,"Patrick Larmon President and CEO, North America Although our business serving the food processor sector has experienced margin pressures due to the continuing consolidation of several large customers, we have again delivered strong sales and operating profit growth.",What factor is behind their business experiencing margin pressures?,the continuing consolidation of several large customers
1461,$14.0 All-in sustaining cost ($/silver equivalent oz) 6.4 m Production (silver equivalent oz) Strategy in action Exploring a rich area Links to strategy. We have not conducted exploration at our high grade deposit in southern Argentina for a number of years due to the political and economic situation.,What does the political and economic situation entail?,We have not conducted exploration at our high grade deposit in southern Argentina for a number of years
1501,The main causes of turnover include organisational restructuring and personal and professional improvements.,What are the main factors of replacing staff?,organisational restructuring and personal and professional improvements
1058,"Underlying profit before tax was £11.0 million in the year to December 2017 (2016: £11.8 million). Reported profit before was £4.5 million in the year to December 2017 (2016: £6.6 million), due to lower underlying operating profit and an increase in highlighted items compared with 2016.","What caused the reported profit before tax to decrease to £4.5 million in the year to December 2017, down from £6.6 million in 2016?",lower underlying operating profit and an increase in highlighted items compared with 2016
1490,"We expect to deploy Capex at a typical rate of approximately £15-25 million per annum. The depth of opportunities across the portfolio enables us to focus investment on those with the strongest impact and thereby provides flexibility, allowing us to respond dynamically to any changes in occupier demand",What allows them to respond dynamically to any changes in occupier demand?,flexibility
67,"The significant revenue base in the MA division is due to Biodose Services and the inherent characteristics of its homecare business model. The business model requires high-value medicines to be dispensed and delivered to patients at home, which results in high levels of revenue and costs.",What is the cause of the high levels of revenue and costs?,The business model requires high-value medicines to be dispensed and delivered to patients at home
572,"3 A lower fee environment and the impact on our business model of margin attrition due to: – Changes in investor demand, driven by derisking, or a focus on lower fee margin products – Compressed investment returns leading to greater fee sensitivity – Moves towards vertical integration.","What did derisking, or focusing on lower fee margin products, result in?",Changes in investor demand
1124,"Stock reduction remains a key priority. Stock levels reduced in the year to £15.3m (2016: £17.4m) primarily due to movements in foreign exchange. In addition, the initiatives and incentives now in place are beginning to reduce slow moving stock across the Group and we anticipate making further progress in 2018.",What reason led to stock levels reducing to £15.3 million in 2017 from £17.4 million in 2016?,movements in foreign exchange
1503,"This risk map, with the risks covered being aligned with the strategy defined by the company, covering various time horizons and with its list of indicators for periodic monitoring, is presented to the governing bodies by the senior management responsible for risk management. Additionally, faced with the increased interest in management and control of the risks that the company is exposed to and given the complexity that such identification takes on from an overall perspective, the participation of employees at all levels in this process is important. Hence, a risk mailbox has been created where employees can contribute to identifying market risks and propose mitigation measures, thus complementing the top-down systems of management and control of existing risks and the mailboxes and specific procedures for sending communications related to ethical breaches, criminal risks and occupational health and safety.",What did the importance of the participation of employees at all levels in this process due to the increased interest in management and control of the risks that the company is exposed to and because of the complexity that such identification takes on from an overall perspective bring about?,"a risk mailbox has been created where employees can contribute to identifying market risks and propose mitigation measures, thus complementing the top-down systems of management and control of existing risks and the mailboxes and specific procedures for sending communications related to ethical breaches, criminal risks and occupational health and safety"
1747,"• Product or service quality and customer satisfaction: the customer is the focal point of Indra’s activity; for this reason, the company maintains the necessary certifications to ensure the quality of the products and services it offers and conducts a customer satisfaction survey in order to detect areas in which it may improve. See Section 6 of this report.",What are the effects of the customer being the focal point of Indra’s activity?,the company maintains the necessary certifications to ensure the quality of the products and services it offers and conducts a customer satisfaction survey in order to detect areas in which it may improve
9,"Committee's assessment of internal control and risk management arrangements In light of its work, the Committee was content with the effectiveness of the Group's processes governing financial and regulatory reporting and controls, its culture, ethical standards and its relationships with regulators.",What was the impact of its work?,"the Committee was content with the effectiveness of the Group's processes governing financial and regulatory reporting and controls, its culture, ethical standards and its relationships with regulators"
1997,Inability to obtain necessary water concessions because of government control or private interests.,What causes the inability to obtain necessary water concessions?,government control or private interests
1599,Principle 11 applies to the launch of new investment companies and is therefore not applicable to the Company.,Why is Principle 11 not applicable to the Company?,Principle 11 applies to the launch of new investment companies
673,"Based on performance to 31 December 2017, 30% of the share award made under the 2015 PSA will vest in March 2018, driven by strong progress against long-term strategic targets. We introduced strategic objectives in the PSA in 2015 as we believed it was important for management to be focused.",What is the reason 30% of the share award made under the 2015 PSA will vest in March 2018?,performance
1221,"As a result of the mitigations in place, the exposure to this risk has decreased sufficiently for the Board to consider that it is not currently a principal risk. Risks and uncertainties where the net impact has increased since prior year, and which are now considered principal risks and uncertainties.",What did the mitigations in place lead to?,the exposure to this risk has decreased sufficiently for the Board to consider that it is not currently a principal risk
603,"Whilst the Group has made good progress in relation to its IRB project, further clarity on the BCBS proposals is still awaited, particularly those relating to new capital floors. As a result, this risk is considered to have remained stable during the year.",What is the cause of this risk being considered to have remained stable during the year?,"further clarity on the BCBS proposals is still awaited, particularly those relating to new capital floors"
352,"The Board has reviewed the timeframe over which it makes this assessment and continues to believe that three years is the appropriate timeframe to assess viability. This conclusion is reached as a result of: • alignment with detailed planning undertaken for a period of three years within the strategic planning process, which is used by the Group in assessing business performance and taking strategic decisions; • the relatively short-term nature of some of our more significant risks, such as the potential for disruption in our customer-facing markets, where we monitor the risks and available mitigations frequently; • the commodity markets in which the Group operates where transparent and executable pricing is generally only available for a three-year period, allowing market-based information to be used within our forecasts for this period; and • increasing uncertainty inherent in estimations beyond this period.",What are the factors influencing the Board's conclusion that three years is the appropriate timeframe to assess viability?,"alignment with detailed planning undertaken for a period of three years within the strategic planning process, which is used by the Group in assessing business performance and taking strategic decisions; • the relatively short-term nature of some of our more significant risks, such as the potential for disruption in our customer-facing markets, where we monitor the risks and available mitigations frequently; • the commodity markets in which the Group operates where transparent and executable pricing is generally only available for a three-year period, allowing market-based information to be used within our forecasts for this period; and • increasing uncertainty inherent in estimations beyond this period"
1722,"Due to requirements associated with the Group's premium listing and to comply with Companies Act 2006 requirements, shareholders will be asked to specifically approve the Policy at the upcoming 2018 Annual General Meeting.",What factors account for the shareholders being asked to specifically approve the Policy at the upcoming 2018 Annual General Meeting?,requirements associated with the Group's premium listing and to comply with Companies Act 2006 requirements
190,"The PBT threshold was met and 30.9% on the scorecard and all personal objectives were achieved. However, no element of the bonus paid out given that such payment would have brought PBT below its threshold target.",Why no element of the bonus paid out?,such payment would have brought PBT below its threshold target
297,"Our business model is focused on clients' needs and desired investment outcomes, rather than a product-led approach to engagement. This approach results in higher client satisfaction and therefore low redemption rates. We measure this by RIA.",What accounts for the higher client satisfaction and low redemption rates?,"Our business model is focused on clients' needs and desired investment outcomes, rather than a product-led approach to engagement"
1055,"Also, as previously announced, due to work commitments, María Dolores Dancausa has decided to step down as a Non-Executive Director of the Company at the conclusion of the Annual General Meeting on 17 May 2018.",What were the implications of María Dolores's work commitments?,María Dolores Dancausa has decided to step down as a Non-Executive Director of the Company at the conclusion of the Annual General Meeting on 17 May 2018
1627,These are some of the Intertek strengths that enable us to live and fulfil our Core Purpose of 'Bringing Quality and Safety to Life'. But they would not be so effective without a clearly defined organisational structure based around an operating model that always puts the customer first.,What do Intertek's strengths facilitate?,to live and fulfil our Core Purpose of 'Bringing Quality and Safety to Life'
1639,Inflows of $0.4 billion into Currency for Return mandates in the year alongside sterling translation effects resulted in a 25% increase to related management fees for the year. Total Multi-product management fees decreased by 23% as a consequence of net outflows of -$0.5 billion in the year.,What accounts for a 25% increase in related management fees for the year?,Inflows of $0.4 billion into Currency for Return mandates in the year alongside sterling translation effects
175,"As with any economic forecasts, the projections and likelihoods of occurrence are subject to a high degree of inherent uncertainty and therefore the actual outcomes may be significantly different to those projected. The Group considers these forecasts to represent its best estimate of the possible outcomes",Why may the actual outcomes be significantly different to those projected?,"As with any economic forecasts, the projections and likelihoods of occurrence are subject to a high degree of inherent uncertainty"
147,"The strength of our solution, combined with a large marketing investment from the Televisa Group, resulted in the solution being deployed across more than 670,000 set-top boxes by the end of March 2017.","What factors led to the solution being deployed across more than 670,000 set-top boxes by the end of March 2017?","The strength of our solution, combined with a large marketing investment from the Televisa Group"
1883,"2018 was a complex year due to the merge with Zodiac and the change in shareholder structure, which prompted a reshaping of the Board of Directors based on the merge negotiations. The merge changed the balance of gender parity on the Board, and at present the one female board member is no longer there.",What made 2018 a complex year?,"the merge with Zodiac and the change in shareholder structure, which prompted a reshaping of the Board of Directors based on the merge negotiations"
1564,Acinetobacter baumannii infections have become increasingly difficult to treat because of the emergence of strains that are resistant to all drugs.,What do the increasing difficulties in treating Acinetobacter baumannii infections arise from?,the emergence of strains that are resistant to all drugs
767,"The forecasts for Spain in 2019 point to continued growth, though at gradually decreasing rates, mainly due to slower growth in export markets, resulting in GDP growth in the region of 2.2%.",What is the implication of slower growth in export markets in the context of Spain’s 2019 forecasts pointing to continued growth at gradually decreasing rates?,GDP growth in the region of 2.2%
285,We also announced the departure of both Colin Smith and David Smith from the Board in 2017. In both cases outstanding PSP awards were pro-rated and will vest at the normal time against achievement of the relevant performance conditions. The 2015 PSP awards have lapsed as the targets were not met. Neither Colin nor David participated in any incentive plans in 2017. David Smith's contractual payments were mitigated due to his external appointment to QinetiQ.,What was the effect of David Smith's external appointment to QinetiQ?,David Smith's contractual payments were mitigated
1772,"All the Directors are resident in the UK and their biographical details, which are set out on page s 26 and 27, demonstrate the wide range of skills and experience that they bring to the Board. In view of the Company's size and as the Board is comprised of only five Directors, all of whom are independent, the Board considers it sensible for all the Directors to be members of the Audit Committee and of the Nomination and Remuneration Committee.",What is the impact of the Company's small size and having a Board comprised of only five independent Directors?,the Board considers it sensible for all the Directors to be members of the Audit Committee and of the Nomination and Remuneration Committee
364,Based on a preliminary investigation the Company believes the root cause of the issue originated with the design of an ancillary system and is not a result of a flaw in the core Velocys FT technology,What does the Company believe to be the root cause of the issue based on the preliminary investigation?,the design of an ancillary system and is not a result of a flaw in the core Velocys FT technology
888,There are no specific provisions for compensation on early termination (except for payment in lieu of holidays accrued but untaken) or loss of office due to a change of ownership of the Company. The Committee reserves the right to make additional payments where such payments are made in good faith: (a) in discharge of an existing legal obligation (or by way of damages for breach of such an obligation); or (b) by way of settlement or compromise of any claim arising in connection with the termination of an Executive Director's office or employment.,What reason leads to a loss of office that offers no compensation?,a change of ownership of the Company
1621,"Christopher Mills represents a major shareholder, Harwood Capital LLP and is, therefore, not considered to be ""independent"" within the definition of that term contained in the Code.","Why is Christopher Mills not considered to be ""independent"" according to the Code?","Christopher Mills represents a major shareholder, Harwood Capital LLP"
351,"The evolution during the year can be differentiated in two periods, a highly positive first semester, driven by better prices, derived from a product mix with a higher added value, a greater balance between the supply and demand and the dynamism in the American OCTG market. That semester closed with an EBITDA of €14.4m. Despite the growth in sales, the second semester was burdened by the slowing of investment in the oil sector due to the drop in the price of crude and the duty of 25 percent imposed on steel imports to the United States, which negatively afflicted the GROUP'S sales, closing the semester with an EBITDA of €4.3m.",What explains a highly positive first semester which closed with an EBITDA of €14.4m?,"better prices, derived from a product mix with a higher added value, a greater balance between the supply and demand and the dynamism in the American OCTG market"
1416,Based on the average share price over the last quarter of 2017 of $148.21. The 2015 SAR awards are currently underwater given their strike price of $245.48 and are therefore valued at $0.,Why are 2015 SAR awards currently underwater?,their strike price of $245.48
18,"Total revenue increased by 1.7% to £4,221.7m with the combination of strong remarketing performance and the annual uplift in mobility allowances (increased by 1% from April 2017) more than offsetting the marginal reduction in customer numbers.",What factors contributed to more than offsetting the marginal reduction in customer numbers?,"Total revenue increased by 1.7% to £4,221.7m with the combination of strong remarketing performance and the annual uplift in mobility allowances (increased by 1% from April 2017)"
1026,Organic growth is a key strategic objective for the business and the risk factors involved are considered to be consistent with the prior year in view of those territories that have been targeted.,What explains the risk factors involved being considered consistent with the prior year?,those territories that have been targeted
440,"The decline in consumable revenues was offset by margin improvements, primarily as a result of process efficiencies in probe manufacture. Gross profit on consumables was flat at £4,312,000 (2016: £4,306,000). Gross margin on consumables was 82% (2016: 74%).",What was the effect of process efficiencies in probe manufacture?,The decline in consumable revenues was offset by margin improvements
1342,"On 7 December 2016, the Lord Chancellor announced a review into the discount rate for personal injury damages awards (the 'Ogden rate'), which is used by UK courts in the calculation of personal injury lump sum settlements. On 27 February 2017, it was announced that there will be a reduction in the Ogden rate from 2.5% to minus 0.75% with effect from 20 March 2017. The Group has therefore adopted a discount rate of minus 0.75% in estimating claims liabilities in existence at 31 January 2017, which has increased both gross insurance technical provisions and the reinsurance claims outstanding by c. £3m.",What motivated the Group's discount rate of minus 0.75% in estimating claims liabilities existing at 31 January 2017?,"On 27 February 2017, it was announced that there will be a reduction in the Ogden rate from 2.5% to minus 0.75% with effect from 20 March 2017"
1850,"Net debt has increased from $61.8m to $73.1m at 30 September 2017, primarily due to the acquisition of Treasure Beach in May 2017. An additional $8.4m was added to the Bank of Nova Scotia loan facility and was fully drawn down at that point.",What was the main reason for net debt increasing from $61.8m to $73.1m at 30 September 2017?,the acquisition of Treasure Beach in May 2017
1887,Closure and rehabilitation provisions was a key audit matter due to the significant size relative to the Group's financial position and the level of judgement applied by us in evaluating management's estimates of the quantum and timing of future costs and assessing the rate used to discount the costs,What were the causes behind the classification of closure and rehabilitation provisions as a key audit matter?,the significant size relative to the Group's financial position and the level of judgement applied by us in evaluating management's estimates of the quantum and timing of future costs and assessing the rate used to discount the costs
386,"Production from the non-operated Elgin-Franklin field (5.2 per cent interest) was marginally below budget, averaging 5.4 kboepd (net). Strong underlying field performance, resulting from an ongoing infill drilling campaign, was offset by an extended summer maintenance shutdown needed to replace a large platform riser shutdown valve.",What was the cause of the strong underlying performance?,an ongoing infill drilling campaign
742,"Notwithstanding the provisos of the Articles, the UK Code requires all Directors of FTSE350 companies to retire annually. Therefore all the Directors who were elected at last year's AGM will retire at the forthcoming AGM and, being eligible, offer themselves for re-election with the exception of Michael Moule",Why will all the Directors who were elected at last year's AGM retire at the forthcoming AGM?,the UK Code requires all Directors of FTSE350 companies to retire annually
240,"As a consequence of the success of the touchscreen-enabled PIZZADOOR vending machine, ADIAL 's revenue has grown by over 30% per annum over the last four years.",What did the success of the touchscreen-enabled PIZZADOOR vending machine lead to?,ADIAL 's revenue has grown by over 30% per annum over the last four years
37,"As a Jersey-registered company, the Company is not subject to UK legislation. However, in light of the Company's listing on the London Stock Exchange, the Remuneration Committee reviewed its remuneration practices and reporting to reflect the UK Government's remuneration reporting reforms contained in the Enterprise and Regulatory Reform Act.",What were the implications of the Company's listing on the London Stock Exchange?,the Remuneration Committee reviewed its remuneration practices and reporting to reflect the UK Government's remuneration reporting reforms contained in the Enterprise and Regulatory Reform Act
1060,"The Woodsmith Mine and associated infrastructure will enable us to produce and sell up to 20 million tonnes per annum of our primary product, POLY4.",What will the Wordsmith Mine and associated infrastructure facilitate?,"to produce and sell up to 20 million tonnes per annum of our primary product, POLY4"
871,Based on the average share price over the last quarter of 2017 of $148.21. The 2015 SAR awards are currently underwater given their strike price of $245.48 and are therefore valued at $0.,Why are SAR awards valued at $0?,The 2015 SAR awards are currently underwater given their strike price of $245.48
778,"Final commitment to this offtake route and submission of an FDP in the timetable required by the OGA is, however, dependent upon the Arran field owners committing to development of the Arran field in the timeframe prescribed by the OGA. If the Arran development does not proceed as planned, Columbus cannot be developed through Shearwater on a stand-alone basis. The selection of this route has been made conditional on that decision being made to the satisfaction of Serica. Therefore, discussions on commercial arrangements will continue with the Lomond field operator, in the event that the Shearwater option does not mature in the requisite time frame.",What are the consequences of route selection being conditional upon the decision meeting Serica's satisfaction?,discussions on commercial arrangements will continue with the Lomond field operator
1841,"(i) a worse net sales mix with branded products, in which sales volumes rose but the net value was considerably reduced by promotion activities (with an impact of -€2.5 million), (ii) the smaller contribution by Roland Monterrat products owing to tougher price competition in the sandwich market (-€2 million) and (iii) cost inflation of raw and auxiliary materials, especially in the case of fragrant varieties, meat for fillings and transport, in spite of a positive performance by durum wheat (-€4.5 million overall).",What are the reasons behind the smaller contribution by Roland Monterrat products?,"tougher price competition in the sandwich market (-€2 million) and (iii) cost inflation of raw and auxiliary materials, especially in the case of fragrant varieties, meat for fillings and transport, in spite of a positive performance by durum wheat (-€4.5 million overall)"
1865,"Due to timing of the 2017 year-end process, the actual short-term incentive figures for all other employees had not been finalized by the date of this report. Therefore, the 2017 short-term incentive figures represent target figures multiplied by the 2017 Corporate Bonus Modifier score approved by the Committee in early February.",What was the effect of the timing of the 2017 year-end process?,the actual short-term incentive figures for all other employees had not been finalized by the date of this report
839,"Basic underlying earnings per share was 6.42p, an increase of 6.8% from 6.01p in 2016. On a constant currency basis, basic underlying earnings per share decreased by 0.8% due to a decrease in the effective tax rate from 30.1% to 29.0%",What impact did the decrease in the effective tax rate from 30.1% to 29.0% have?,"On a constant currency basis, basic underlying earnings per share decreased by 0.8%"
44,"EY have been the auditors of Sabre Insurance Company Ltd and of the previous parent companies of Sabre Insurance Company Ltd since 2001. Given that Sabre Insurance Company Ltd, the principal subsidiary of the Group, is now considered a Public Interest Entity (""PIE""), the transitional rules under the EU legislation will need to be considered to ensure compliance with new regulatory requirements for auditor rotation and audit practices.",What is the reason for considering the transitional rules under EU legislation to ensure compliance with the new regulatory requirements for auditor rotation and audit practices?,"Sabre Insurance Company Ltd, the principal subsidiary of the Group, is now considered a Public Interest Entity (""PIE"")"
91,The mean gender pay gap at Ibstock Brick is 7%. This is significantly lower than the UK average of 17 .4% and the average for companies in the construction sector of 18.1%. This is mostly due to demographics within the Company.,What factor led to the mean gender pay gap at Ibstock Brick being 7% and the construction sector average of 18.1%?,demographics within the Company
565,"Statutory operating profit increased by £4.7 million, or 5.1%, from £91.5 million in 2016 to £96.2 million in 2017 with margins increasing by 10 basis points to 5.3%. This increase was primarily due to benefits from the increase in sales volumes and the productivity improvements across the business.",What were the consequences of obtaining benefits from the increase in sales volumes and improving productivity across the business?,"Statutory operating profit increased by £4.7 million, or 5.1%, from £91.5 million in 2016 to £96.2 million in 2017 with margins increasing by 10 basis points to 5.3%"
1806,"Revenues have stayed broadly flat. Adjusted operating profit 1 has reduced to £82.0m (2016: £95.2m). Reported operating profit before other items reduced to a loss of £(6.3)m (2016: profit £113.9m), after writing off £88.3m as a result of the balance sheet review.",What did the balance sheet review lead to?,"Reported operating profit before other items reduced to a loss of £(6.3)m (2016: profit £113.9m), after writing off £88.3m"
1310,Driving a reduction in written complaints is important as it ensures we are resolving issues earlier for customers and ultimately building strong customer focus into all our processes to minimise complaints at any stage.,What are the consequences of placing importance on reducing written complaints?,it ensures we are resolving issues earlier for customers and ultimately building strong customer focus into all our processes to minimise complaints at any stage
130,It is no simple matter to quickly board several hundred passengers on the world’s largest passenger plane. This generates long waiting time for passengers and therefore dissatisfaction.,What is a common consequence of attempting the boarding of multiple people in the plane with the biggest passenger capacity?,long waiting time for passengers and therefore dissatisfaction
686,"The Committee consists of two independent non-Executive Directors: Sir Ian Carruthers (Chairman) and Simon Constantine. Christopher Mills, a non-Executive Director who is not considered to be independent because he represents shareholders controlling 28.1% of the Company's ordinary shares, also sits on the Committee.","What is the reason Christopher Mills, a non-Executive Director, is not considered independent?",he represents shareholders controlling 28.1% of the Company's ordinary shares
1837,"The average estimated time dedicated by each member of the committee to preparing for and participating in meetings held in 2018 was approximately four hours per meeting, with the chairman estimated to have spent double that time per meeting. Annual assessment of the functioning and performance of the committee and fulfilment of the goals set for 2018 The committee's effectiveness during 2018 was considered as part of the overall internal assessment of board effectiveness carried out internally this year. The committee considered the findings and suggested actions resulting from the review and related to the appointments committee. In 2018, the committee successfully addressed all the challenges put forward for the year and identified in the 2017 activities report. In particular, confirmed its leadership role in the proper composition of the board of directors achieving a broader geographical diversity as a result of the incorporation of Mr Alvaro Cardoso de Souza in 2018 and reviewing also its own composition avoiding the identity of its members with those of the remuneration committee, in line with the best practices. The self-assessment process positively rated both the composition of the committee and the very high degree of dedication among its members, as well as the chairman's leadership. The frequency and duration of its meetings were also found to be appropriate for its proper functioning and for the performance of their duties and that sufficient and accurate documentation was provided on the topics discussed, the proper presentation of which strengthened the quality of the debates among members and sound decision-making. 2019 priorities","What contributed to the confirmation of the leadership role in the proper composition of the board of directors achieving a broader geographical diversity and reviewing its own composition avoiding the identity of its members with those of the remuneration committee, in line with the best practices?",the incorporation of Mr Alvaro Cardoso de Souza in 2018
1350,S Dolton resigned as a Director on 1 January 2018 and his awards have therefore lapsed in accordance with the rules of the LTIP.,Why have S Dolton's rewards lapsed in accordance with the rules of the LTIP?,S Dolton resigned as a Director on 1 January 2018
1750,We were appointed by the Directors on 13th December 2017 to audit the financial statements for the year ended 31st December 2017 and subsequent financial periods. This is therefore our first year of uninterrupted engagement.,Why is this year their first year of uninterrupted engagement?,We were appointed by the Directors on 13th December 2017 to audit the financial statements for the year ended 31st December 2017 and subsequent financial periods
1881,"This is an increase of 8 percent on 2017 and has been possible thanks to greater involvement of the company’s professionals, the replication of best practices and harnessing synergies in its projects.",What factors prompted the 8% increase on 2017?,"greater involvement of the company’s professionals, the replication of best practices and harnessing synergies in its projects"
583,"At present, the methodology for implementing the equalisation is uncertain and thus the impact cannot be reliably measured. As a result, no allowance has been made for GMP equalisation in the calculation of the deﬁned beneﬁt obligation within these consolidated financial statements.",Why is there an inability to reliably measure the impact of implementing the equalisation at present?,the methodology for implementing the equalisation is uncertain
458,"The Committee considers that the 1.39 times the Final Determination stretch target remains challenging because it requires very significant outperformance on customer ODIs, financing and total expenditure efficiencies.",What is the reason the Committee considers the 1.39 times Final Determination stretch target to remain challenging?,"it requires very significant outperformance on customer ODIs, financing and total expenditure efficiencies"
1048,"In 2017, the Group's net debt position rose from £225m to £520m (excluding ITP Aero) largely reflecting the £273m free cash generation offset by shareholder payments of £214m and £286m covering payments due in 2017 for the financial penalties from agreements with investigating bodies. A further £378m of regulatory fines remain due to the SFO, with a payment schedule extending to 2021.",What was the reason for the persistence of an additional £378 million in regulatory fines?,"the SFO, with a payment schedule extending to 2021"
403,Recurring licence revenue accounted for 90 per cent of recognised revenues at £21.8m (FY2016: £8.2m: 85 per cent recognised revenues). Professional Services revenues increased to £2.2m (FY2016: £1.3m) mainly due to a significant increase in training revenues reflecting the significant growth in our customer base.,What did a significant increase in training revenues result in?,Professional Services revenues increased to £2.2m (FY2016: £1.3m)
1989,"At present, the methodology for implementing the equalisation is uncertain and thus the impact cannot be reliably measured. As a result, no allowance has been made for GMP equalisation in the calculation of the deﬁned beneﬁt obligation within these consolidated financial statements.",What factor explains why no allowance has been made for GMP equalisation in the calculation of the defined benefit obligation within these consolidated financial statements?,"At present, the methodology for implementing the equalisation is uncertain and thus the impact cannot be reliably measured"
563,"In 2018, the Group has continued to implement basic reading skills and general education programs in countries like Ecuador and Namibia. These programs allow a better educational level at an individual level for our staff. We have registered 62 employees in the Namibian College of Open Learning (Namcol), and 29 in Educational programs of Ecuador during the period 2016-2018. The Group, through NOVANAM, which contributes to education programs in the city of Lüderitz (Namibia) with day care for the children of the staff that work there, taking care of 86 boys and girls. In the social aspect, we continue with the important educational service in the school (CEPAC), in the Guatemalan locality of Champerico, which enrolls about 600 students each year, starting from kindergarten all the way to professional education.",What is the implication of the Group’s implementation of basic reading skills and general education programs in countries like Ecuador and Namibia in 2018?,a better educational level at an individual level for our staff
371,"During the year, individual Non-executive Directors visited the Shoeburyness and Boscombe Down sites in the UK and the Waltham site in the USA, as a result of specific requests.",What did specific requests lead to?,"During the year, individual Non-executive Directors visited the Shoeburyness and Boscombe Down sites in the UK and the Waltham site in the USA"
838,"Nick Parker Non-Executive Chairman 24 July 2017 Dear Shareholder, The Board As a Board we recognise the importance of high standards of corporate governance. The Company is listed on AIM and is therefore not required to comply with the UK Corporate Governance Code 2016 ('the Code').",What does it entail that the Company is listed on AIM?,is therefore not required to comply with the UK Corporate Governance Code 2016 ('the Code')
141,"Other expense, net increased by $85.0 million to $561.8 million for the year ended December 31, 2017 from $476.8 million in 2016, primarily due to a full year of interest expense incurred on borrowings used to fund the acquisition of Baxalta","What factor led to net income increasing by $85.0 million to $561.8 million for the year ended December 31, 2017?",a full year of interest expense incurred on borrowings used to fund the acquisition of Baxalta
517,"The significant revenue base in the MA division is due to Biodose Services and the inherent characteristics of its homecare business model. The business model requires high-value medicines to be dispensed and delivered to patients at home, which results in high levels of revenue and costs.",What generated the significant revenue base in the MA division?,Biodose Services and the inherent characteristics of its homecare business model
1703,Inflows of $0.4 billion into Currency for Return mandates in the year alongside sterling translation effects resulted in a 25% increase to related management fees for the year. Total Multi-product management fees decreased by 23% as a consequence of net outflows of -$0.5 billion in the year.,What did net outflows of -$0.5 billion in the year lead to?,Total Multi-product management fees decreased by 23%
1967,"The materials and water consumption increase caused an upward variation in the associated emissions, adjusted by the reduction in emissions linked to the use of products and services, thus yielding a virtually constant value for scope 3 emissions versus the previous year.",What were the results of the growth in material and water usage?,"an upward variation in the associated emissions, adjusted by the reduction in emissions linked to the use of products and services, thus yielding a virtually constant value for scope 3 emissions versus the previous year."
1298,"The business risk, and accordingly development risk level, for Alexander is assessed as unchanged since last year. This is mainly because of current interest and activity in the Company's technology, and the prevailing conditions and outlook for the mining and metals sector.",What are the reasons the business and development risk level for Alexander has been assessed as unchanged since last year?,"current interest and activity in the Company's technology, and the prevailing conditions and outlook for the mining and metals sector"
255,"In light of the structured performance evaluation, Patrick Reeve and Geoffrey Vero, both of whom are subject to re-election at the forthcoming Annual General Meeting, and Lyn Goleby who is subject to election at the forthcoming Annual General Meeting are considered to be effective Directors and demonstrate strong commitment to the role.","What is the reason Patrick Reeve, Geoffrey Vero, and Lyn Goleby are considered effective directors who demonstrate strong commitment to the role?",the structured performance evaluation
1652,Performance Share Plan Formally rebalance the performance measures and introduction of Strategic Objectives to the suite of performance measures enabling a more holistic approach to ensuring reward is fully aligned to Company performance.,What factors facilite a more holistic approach to ensuring reward is fully aligned to Company performance?,Performance Share Plan Formally rebalance the performance measures and introduction of Strategic Objectives to the suite of performance measures
1973,"Managing operational risk continues to be a key focus within the Group due to the complexity and volume of change, the Group's IT infrastructure, cyber risk, and reliance on third party suppliers.",What are the reasons for the management of operational risk continuing to be a key focus within the Group?,"the complexity and volume of change, the Group's IT infrastructure, cyber risk, and reliance on third party suppliers"
13,"Based on performance to 31 December 2017, 30% of the share award made under the 2015 PSA will vest in March 2018, driven by strong progress against long-term strategic targets. We introduced strategic objectives in the PSA in 2015 as we believed it was important for management to be focused.",Why did they introduced strategic objectives in the PSA in 2015?,we believed it was important for management to be focused
428,"Logs are 'outside of scope' because the scope 1 impact of these fuels has been determined to be a net '0'. However, the CO2 e value of logs has been calculated to be <1% and would be excluded in any case as this falls below",What caused logs to be 'outside of scope'?,the scope 1 impact of these fuels has been determined to be a net '0'
1568,"Having undertaken a review of the effectiveness of KPMG in fulfilling the internal audit function, the Committee is satisfied that the quality, experience and expertise of KPMG meets the Company's requirements, and KPMG has therefore been reappointed to provide internal audit services for the Group in 2018.",What does KPMG's reappointment to provide internal audit services for the Group in 2018 stem from?,"the Committee is satisfied that the quality, experience and expertise of KPMG meets the Company's requirements"
1300,"Paul Daccus has an interest in the shares held by Sun Capital Partners Management V, LLC, which holds 41.5% of the ordinary share capital and voting rights in the Company as a result of his partnership in Sun European Partners LLP.",What does Paul Daccus's partnership in Sun European LLP lead to?,"Paul Daccus has an interest in the shares held by Sun Capital Partners Management V, LLC, which holds 41.5% of the ordinary share capital and voting rights in the Company"
1589,"We expect to deploy Capex at a typical rate of approximately £15-25 million per annum. The depth of opportunities across the portfolio enables us to focus investment on those with the strongest impact and thereby provides flexibility, allowing us to respond dynamically to any changes in occupier demand",What enables them to focus investment on those with the strongest impact?,The depth of opportunities across the portfolio
982,"• Pan African Resources' share price decreased by 37.1% to ZAR2.36 from ZAR3.75, which resulted in a decrease in the group's cash-settled share option costs.",What does the decrease in the group's cash-settled share option costs owe to?,Pan African Resources' share price decreased by 37.1% to ZAR2.36 from ZAR3.75
924,"In this context, the Investment Manager has been successful in securing new, modern properties through forward‑funding or forward‑purchase agreements, effectively enabling the Company to create its own pipeline of modern assets where good quality standing investments are difficult to acquire.",What has helped the Company create its own pipeline of modern assets when high-quality investments are difficult to acquire?,"the Investment Manager has been successful in securing new, modern properties through forward‑funding or forward‑purchase agreements"
1150,"UK 2017 was another difficult year for our UK Construction business due to the ongoing period of challenging market conditions and continued pockets of underperformance in operational delivery in a number of contracts, which resulted in a net loss result for the division.",What caused 2017 to be another difficult year for their UK Construction business?,the ongoing period of challenging market conditions and continued pockets of underperformance in operational delivery in a number of contracts
836,— We supported Arrival Education's Success for Life programme for young people with potential who are disengaged from school and learning due to challenging circumstances in their personal lives.,What factor is contributing to the disengagement from school and learning among the young people who participate in Arrival Education's Success for Life programme?,challenging circumstances in their personal lives
1203,"It should be noted, that, as a FTSE 250 company, all Directors are subject to annual re-election and therefore it is considered that the Company's terms are appropriate.",What does the status of a FTSE 250 company imply?,all Directors are subject to annual re-election
1998,"Special items amount to €57 million and are mainly due to: i) the capital gain on the sale of the interest held in Naturgy Energy Group, S.A. (+€344 million); ii) the extraordinary write downs in Venezuela (-€843 million due to the risk affecting the recovery of loans, tax assets and investments) and Upstream production assets (€-454 million) and Downstream (-€24 million); iii) extraordinary income on exchange differences (includes the impact of the exchange rate on financial and tax positions and the reclassification of exchange differences relating to canceled exploration assets) and the application of abandonment and tax risk provisions in Upstream.",What factors influence the special items that amount to €57 million?,"the capital gain on the sale of the interest held in Naturgy Energy Group, S.A. (+€344 million); ii) the extraordinary write downs in Venezuela (-€843 million due to the risk affecting the recovery of loans, tax assets and investments) and Upstream production assets (€-454 million) and Downstream (-€24 million); iii) extraordinary income on exchange differences (includes the impact of the exchange rate on financial and tax positions and the reclassification of exchange differences relating to canceled exploration assets) and the application of abandonment and tax risk provisions in Upstream"
139,"Unite Students is a service brand and the strong performance we have delivered for our customers, University partners and shareholders is only possible because of the talent and hard work of our teams across the business.","What caused the strong performance delivered by Unite Students for their customers, university partners, and shareholders",the talent and hard work of our teams across the business
1914,"Retail spend per admission increased by 13.4% to £1.86 (2016: £1.64 constant currency). The increase was predominantly driven by the film mix and growth of the local economies but also the expansion of offerings, with three new VIP sites, one in Israel – Zichron, and two in Poland – Chodov and Wroclaw, as well as ongoing operational improvements.","What factors account for the 13.4% increase in retail spend per admission, from £1.64 to £1.86 in constant currency, compared to 2016?","the film mix and growth of the local economies but also the expansion of offerings, with three new VIP sites, one in Israel – Zichron, and two in Poland – Chodov and Wroclaw, as well as ongoing operational improvements"
680,A lower pipeline is not a matter of undue concern: growing our pipeline should not be expected to be a smooth progression given the effects of the timing and scale of individual awards.,What factors lead to the recommendation not to expect a smooth progression in growing the pipeline?,the effects of the timing and scale of individual awards
1045,"As a result of this review, the Committee did not identify any instances of overboarding and confirms that all individual Directors have sufficient time to commit to their appointment as a Director of Severn Trent Plc.",What happened due to this review?,the Committee did not identify any instances of overboarding and confirms that all individual Directors have sufficient time to commit to their appointment as a Director of Severn Trent Plc
92,"In addition, Jackson hedges the guarantees on its variable annuity book on an economic basis (with consideration of the local regulatory position) and, thus, accepts variability in its accounting results in the short term in order to achieve the appropriate result on these bases.",Why does Jackson accept variability in its accounting results in the short term?,Jackson hedges the guarantees on its variable annuity book on an economic basis (with consideration of the local regulatory position)
881,"The restructuring proposal was formally approved by all stakeholders in April 2017 and resulted in the issue of new equity for $57 million, secured bonds of $40 million being exchanged for equity at par, $49.2 million of secured bonds being bought by the Company at par, $27.4 million unsecured bonds being exchanged for equity at 60 cents in the dollar and the remaining $30 million of secured bonds having their terms amended.",What were the consequences of the formal approval of the restructuring proposal by all stakeholders in April 2017?,"the issue of new equity for $57 million, secured bonds of $40 million being exchanged for equity at par, $49.2 million of secured bonds being bought by the Company at par, $27.4 million unsecured bonds being exchanged for equity at 60 cents in the dollar and the remaining $30 million of secured bonds having their terms amended"
1862,"In 2018, the total volume of waste treated was 16,068 tons, 20% less than the previous year. This was due to a better use of materials and the shutting down of production at the Monzón plant, where the surplus water from the processing was categorized as waste. Furthermore, the by-product generated in the chemical process is no longer manufactured. Fluidra Group companies do not transport or treat waste internationally classified as hazardous, in compliance with Annexes I, II, II and VIII, of the Basel Convention; all treatment or transportation that may result from such waste is performed in accordance with national regulations.",What happened because of the improved use of materials and the closure of the Monzón plant?,"In 2018, the total volume of waste treated was 16,068 tons, 20% less than the previous year"
976,The Group has had a strong start to the first quarter of FY2018 and as such now expect revenues for the full financial year to be comfortably ahead of existing market expectations.,Why does the company expect revenues for the full financial year to be comfortably ahead of existing market expectations?,The Group has had a strong start to the first quarter of FY2018
