audit_id,c1_candidate_id,m1_pair_id,id,context,question,chosen,m1_rejected,m1_error_type,target_causal_role,c1_rejected,donor_id,donor_context,donor_question,donor_causal_role,causal_role_match,selection_tier,m1_rejected_tokens,c1_rejected_tokens,absolute_token_difference,relative_token_difference,candidate_content_coverage_in_context,rejected_length_bin,audit_label,notes
C1X001,c1_v7_candidate_0206,m1_v6_screened_0206,752,As part of the Company's cost reduction programme it was agreed that there would be no salary increase for colleagues not involved in collective bargaining for 2017/18 and consequently no salary increases are proposed for the CEO and CFO. The CEO's salary therefore remains unchanged since his appointment in 2013.,Why were there no salary increases proposed for the CEO and CFO?,As part of the Company's cost reduction programme it was agreed that there would be no salary increase for colleagues not involved in collective bargaining for 2017/18,it was agreed that there would be no salary increase for colleagues not involved in collective bargaining for 2017/18,incomplete,cause,the development of the Group in the fluid power market is likely to include multiple opportunities to acquire trading companies in both the UK and Europe,1032,"The Board includes both Executive and Non-Executive Directors with considerable acquisition experience. Given that the development of the Group in the fluid power market is likely to include multiple opportunities to acquire trading companies in both the UK and Europe, future appointments will also be made as required",What led to the decision that future appointments will be made as required?,cause,True,1,26,26,0,0.0,0.0,long,valid,"Complete, coherent donor answer; clearly wrong for the target question and not a boundary variant of the chosen answer."
C1X002,c1_v7_candidate_0125,m1_v6_screened_0125,1025,"In light of the strong long-term track record of MUSCIT, the commitment of Montanaro, and following the comprehensive review shown above, the Board unanimously recommends that all Shareholders should vote in favour of Resolution 10 at the Annual General Meeting, as they intend to do themselves.",What factors led the Board to unanimously recommend that all Shareholders vote in favor of Resolution 10 at the Annual General Meeting?,"the strong long-term track record of MUSCIT, the commitment of Montanaro, and following the comprehensive review shown above","the strong long-term track record of MUSCIT, the commitment of Montanaro",incomplete,cause,The Group has made a significant investment in its Far East infrastructure to support its direct sourcing operation,499,"To spread the risk where possible contracts exist with more than one supplier for key products. The Group has made a significant investment in its Far East infrastructure to support its direct sourcing operation which allows the development of own brand products, thereby reducing the reliance on branded suppliers.",What caused the ability to develop the Group's own brand products?,cause,True,1,18,18,0,0.0,0.0,medium,valid,"Complete, coherent donor answer; clearly wrong for the target question and not a boundary variant of the chosen answer."
C1X003,c1_v7_candidate_0095,m1_v6_screened_0095,894,"As part of this review the Committee reviewed the potential threats to auditor independence as a result of: • auditor self-interests, being those areas where the auditor may have a financial or other interest in the Company; • auditor self-review, being areas where the results of non-audit services are reflected in the amounts included or disclosed in the financial statements; and • Other threats, such as familiarity and intimidation.","What are the factors accounting for the potential threats to auditor independence, given the Committee's review?","auditor self-interests, being those areas where the auditor may have a financial or other interest in the Company; • auditor self-review, being areas where the results of non-audit services are reflected in the amounts included or disclosed in the financial statements; and • Other threats, such as familiarity and intimidation","auditor self-interests, being those areas where the auditor may have a financial or other interest in the Company; • auditor self-review, being areas where the results of non-audit services are reflected in the amounts included or disclosed in the financial statements",incomplete,cause,"acquiring a one‑third partnership stake in a 400‑acre (162.3‑hectare) site at Wintringham Park, St Neots, Cambridgeshire, for £13.3 million",1485,"Other interests in joint ventures and associates total £17.0 million, up £13.7 million from last year, predominantly as a result of acquiring a one‑third partnership stake in a 400‑acre (162.3‑hectare) site at Wintringham Park, St Neots, Cambridgeshire, for £13.3 million.","What caused other interests in joint ventures and associates to total £17.0 million, an increase of £13.7 million from last year?",cause,True,1,50,50,0,0.0,0.0,long,valid,"Complete, coherent donor answer; clearly wrong for the target question and not a boundary variant of the chosen answer."
C1X004,c1_v7_candidate_0001,m1_v6_screened_0001,1097,"Thus, Economic Sales in Tobacco and related products grew by 0.9% comparing to previous fiscal year due to the good performance of the distribution of convenience products, of the activity in Portugal and the increase of value added services.",What were the reasons behind the growth by 0.9% comparing to previous fiscal year regarding Economic Sales in Tobacco and related products?,"the good performance of the distribution of convenience products, of the activity in Portugal and the increase of value added services","to the good performance of the distribution of convenience products, of the activity in Portugal and the increase of value added services",overextended,cause,"the existence of current controls and review systems, and as the Company was neither of sufficient size nor complexity to warrant it",1291,"Following its annual review, the Committee recommended to the Board not to establish an internal audit function, due to the existence of current controls and review systems, and as the Company was neither of sufficient size nor complexity to warrant it.","Following its annual review, why did the Committee recommend to the Board not to establish an internal audit function?",cause,True,1,23,23,0,0.0,0.0,long,valid,"Complete, coherent donor answer; clearly wrong for the target question and not a boundary variant of the chosen answer."
C1X005,c1_v7_candidate_0195,m1_v6_screened_0195,1786,(11) WAIO – BKM Ore Reserves have increased due to Mineral Resource classification upgrades at Newman JV and Mining Area C. CID Ore Reserves have decreased after a processing capability re-evaluation of lower CID. Reserve Life remains the same due to an increase in nominated production rate,What factor led to Ore Reserves increasing?,Mineral Resource classification upgrades at Newman JV and Mining Area C,Mineral Resource classification upgrades at Newman JV,incomplete,cause,the reduction in the administrative costs per policy,1635,"In addition, LCA has performed as expected with its long standing and predictable customer base delivering a revenue of £2.2 million for the year, with a further release from technical reserves of £1.3 million (2016: £0.5 million) as a result of the reduction in the administrative costs per policy.","What led to the further release from technical reserves of £1.3 million in 2017, up from £0.5 million in 2016?",cause,True,1,8,8,0,0.0,0.0,short,valid,"Complete, coherent donor answer; clearly wrong for the target question and not a boundary variant of the chosen answer."
C1X006,c1_v7_candidate_0160,m1_v6_screened_0160,1584,"Underlying revenue growth (excluding the impact of acquisitions and movements in foreign exchange rates) was 4 per cent, driven by growth in new licence sales and in revenue from maintenance and support contracts of 2 per cent and 8 per cent respectively. The acquisition of ICON in October 2016 contributed a further 4 per cent to revenue growth.",What factors motivated the 4% growth in underlying revenue?,growth in new licence sales and in revenue from maintenance and support contracts of 2 per cent and 8 per cent respectively,new licence sales and in revenue from maintenance and support contracts of 2 per cent and 8 per cent respectively,incomplete,cause,all the Directors are non-executive and most of the Company's day-to-day responsibilities are delegated to third parties,378,"It should be noted that as an investment trust, all the Directors are non-executive and most of the Company's day-to-day responsibilities are delegated to third parties. Consequently, the Company has not reported on those provisions of the UK Corporate Governance Code relating to the role of the Chief Executive",Why has the Company the Company not reported on those provisions of the UK Corporate Governance Code relating to the role of the Chief Executive?,cause,True,1,22,22,0,0.0,0.0,long,valid,"Complete, coherent donor answer; clearly wrong for the target question and not a boundary variant of the chosen answer."
C1X007,c1_v7_candidate_0182,m1_v6_screened_0182,33,"Based on the statutory results for the year ended 31st December 2017, sales in this division (net of intercompany sales) increased by 28.4% to £59.7m (2016: £46.5m), which now accounts for 71.4% of total revenues. The £13.2m year-on-year increase is attributable to an additional £7.6m of sales derived from new product lines and £5.6m from increased demand in existing products.",What does the £13.2m year-on-year increase owe to?,an additional £7.6m of sales derived from new product lines and £5.6m from increased demand in existing products,an additional £7.6m of sales derived from new product lines,incomplete,cause,"a lack of funding, both from corporate debt and equity capital from investors",915,"3 Funding of acquisitions and future equity fundraising • There is a risk that JLEN is unable to achieve its stated ambition of growing the portfolio by acquiring new assets due to a lack of funding, both from corporate debt and equity capital from investors.",What caused the risk that JLEN might be unable to achieve its stated ambition of growing the portfolio by acquiring new assets?,cause,True,1,14,14,0,0.0,0.0,medium,valid,"Complete, coherent donor answer; clearly wrong for the target question and not a boundary variant of the chosen answer."
C1X008,c1_v7_candidate_0236,m1_v6_screened_0236,1831,"Group adjusted operating margins declined by 80bps to 5.5% (2016: 6.3%), primarily due to an increase in operating costs from investments in the Group's customer propositions, together with a 20bps decline in gross margins.","What factors drove the Group's decline in adjusted operating margins by 80bps, to 5.5%, compared to 2016's 6.3%?","an increase in operating costs from investments in the Group's customer propositions, together with a 20bps decline in gross margins",an increase in operating costs from investments in the Group's customer propositions,incomplete,cause,the new branches opened in late 2015 reach maturity,662,"• In a highly competitive market, CCF has focused on passing through significant cost price inflation on specific insulation products. The business is generating good operating leverage as the new branches opened in late 2015 reach maturity. Differentiation, and therefore market outperformance, is driven by the development of a deeper understanding of customer requirements, and in so doing, forming closer customer relationships.",What does the good operating leverage of the business owe to?,cause,True,1,13,13,0,0.0,0.0,medium,valid,"Complete, coherent donor answer; clearly wrong for the target question and not a boundary variant of the chosen answer."
C1X009,c1_v7_candidate_0041,m1_v6_screened_0041,267,Head office costs increased from £7.3 million in 2016 to £9.1 million in 2017. This was largely due to the effect of headcount increases in 2017 and staff bonuses associated with improved operating performance.,What caused head office costs to increase from £7.3 million in 2016 to £9.1 million in 2017?,the effect of headcount increases in 2017 and staff bonuses associated with improved operating performance,the effect of headcount increases in 2017,incomplete,cause,The Directors consider the size of the current board to be small,863,The Code states that there should be a nomination committee to deal with the appointment of both executive and non-executive Directors except in circumstances where the Board is small. The Directors consider the size of the current board to be small and have not therefore established a nomination committee.,Why have the Directors not established a nomination committee?,cause,True,1,12,12,0,0.0,0.0,short,valid,"Complete, coherent donor answer; clearly wrong for the target question and not a boundary variant of the chosen answer."
C1X010,c1_v7_candidate_0235,m1_v6_screened_0235,1482,"As a result of the Company's good performance as measured by its NAV total return, a performance fee of £1,018,000 has been earned by the Manager for the year. Further details of the management agreement, including fees, can be found in the annual financial report.",What was the consequence of the Company's good performance as measured by its NAV total return?,"a performance fee of £1,018,000 has been earned by the Manager for the year","£1,018,000 has been earned by the Manager for the year",incomplete,effect,Paul May missed one Board and one Audit Committee meeting (which were held on the same day),1096,Paul May missed one Board and one Audit Committee meeting (which were held on the same day) due to a previous commitment prior to joining the Board.,What did Paul May's prior commitment result in?,effect,True,1,19,19,0,0.0,0.0,medium,valid,"Complete, coherent donor answer; clearly wrong for the target question and not a boundary variant of the chosen answer."
C1X011,c1_v7_candidate_0067,m1_v6_screened_0067,433,"Average production reached 715 Kboe/d in 2018, which represents a 3% increase (+20.7 Kboe/d; +6.2 Kboe/d in liquids and 14.5 Kboe/d in gas) vs. 2017. This increase is primarily due to production in Libya and the launch of organic development projects in 2017 (Reggane in Algeria, Kinabalu in Malaysia, TROC and Juniper in Trinidad and Tobago, Shaw and Cayley in the United Kingdom and Sagari in Peru) and in 2018 (launch of the gas project Bunga Pakma in Malaysia and the connection of new wells in Marcellus in the United States), as well as the acquisition of the Visund field in Norway. These positive effects were offset by lower production in Venezuela and by the sale of the SK field in Russia in 2017. and MidContinent in the US.","What led to production reaching 715 Kboe/d in 2018, which represents a 3% increase (+20.7 Kboe/d; +6.2 Kboe/d in liquids and 14.5 Kboe/d in gas) vs. 2017?","production in Libya and the launch of organic development projects in 2017 (Reggane in Algeria, Kinabalu in Malaysia, TROC and Juniper in Trinidad and Tobago, Shaw and Cayley in the United Kingdom and Sagari in Peru) and in 2018 (launch of the gas project Bunga Pakma in Malaysia and the connection of new wells in Marcellus in the United States), as well as the acquisition of the Visund field in Norway","production in Libya and the launch of organic development projects in 2017 (Reggane in Algeria, Kinabalu in Malaysia, TROC and Juniper in Trinidad and Tobago, Shaw and Cayley in the United Kingdom and Sagari in Peru)",incomplete,cause,the larger asset base following the commissioning of San Julián; capitalised development works; construction of the Pyrites plant and the second DLP line; purchase of additional in-mine equipment; and the construction of leaching pads at Herradura and Noche Buena,1036,The US$268.4 million increase was mainly due to: the larger asset base following the commissioning of San Julián; capitalised development works; construction of the Pyrites plant and the second DLP line; purchase of additional in-mine equipment; and the construction of leaching pads at Herradura and Noche Buena.,What factors mainly explain the US$268.4 million increase?,cause,True,1,54,55,1,0.018518518518518517,0.04,long,valid,"Complete, coherent donor answer; clearly wrong for the target question and not a boundary variant of the chosen answer."
C1X012,c1_v7_candidate_0093,m1_v6_screened_0093,1316,"Textile Printing using digital inkjet technology is growing fast due to rapid shifts in consumer expectations such as fast changing fashion seasons, and the requirement to reduce waste and pollution. This drives the need for new, digital printing processes which are capable of delivering short print runs quickly, economically and in a more environmentally friendly way.",What factors drive the fast growth in textile printing using digital inkjet technology?,"rapid shifts in consumer expectations such as fast changing fashion seasons, and the requirement to reduce waste and pollution",rapid shifts in consumer expectations such as fast changing fashion seasons,incomplete,cause,their size or incidence to enable a better understanding of performance,266,Presentation of non-trading and exceptional items. The Group discloses non-trading and exceptional items separately due to their size or incidence to enable a better understanding of performance. This is a key judgemental area which has been subject to recent pronouncements on quantum and presentation from the Financial Reporting Council.,What is the reason the Group discloses non-trading and exceptional items separately?,cause,True,1,11,11,0,0.0,0.0,short,valid,"Complete, coherent donor answer; clearly wrong for the target question and not a boundary variant of the chosen answer."
C1X013,c1_v7_candidate_0027,m1_v6_screened_0027,756,"B's product offering and advanced functionality has resulted in a market-leading customer experience and, at September 2017, B had a Net Promoter Score (NPS) of over 40. As a result, since its launch in May 2016, B has over 100,000 accounts and deposit balances of c.£1bn.",What was the effect of B's product offering and advanced functionality?,"a market-leading customer experience and, at September 2017, B had a Net Promoter Score (NPS) of over 40",B had a Net Promoter Score (NPS) of over 40,incomplete,effect,revenue includes the Directors' best estimate of differences between estimated sales and billed sales,417,"Due to the inherent nature of the industry and its reliance upon estimated meter readings, revenue includes the Directors' best estimate of differences between estimated sales and billed sales.",What was the impact of the industry's nature and its reliance on estimated meter readings?,effect,True,1,16,16,0,0.0,0.0,medium,valid,"Complete, coherent donor answer; clearly wrong for the target question and not a boundary variant of the chosen answer."
C1X014,c1_v7_candidate_0168,m1_v6_screened_0168,1587,"3 The 2015 LTIP award was assessed by the Remuneration Committee and a 0% vesting outcome was determined. Therefore, all awards under the 2015 grant lapsed in full.",Why did all awards under the 2015 grant lapsed in full?,The 2015 LTIP award was assessed by the Remuneration Committee and a 0% vesting outcome was determined,The 2015 LTIP award was assessed by the Remuneration Committee,incomplete,cause,"Despite the continued uncertain economic environment, the Board is confident in the outlook for the Group",612,"An interim dividend of 4.90p per ordinary share was paid in May 2017. The Group has continued to strengthen and deliver very positive results, with very strong cash generation and a balance sheet that is growing in resilience. Despite the continued uncertain economic environment, the Board is confident in the outlook for the Group and therefore proposes a full-year dividend of 14.70p, a 1.4% increase on the full-year dividend for 2016.","Why does the Board propose a full-year dividend of 14.70p, which is a 1.4% increase from the full-year dividend for 2016?",cause,True,1,17,17,0,0.0,0.0,medium,valid,"Complete, coherent donor answer; clearly wrong for the target question and not a boundary variant of the chosen answer."
C1X015,c1_v7_candidate_0210,m1_v6_screened_0210,573,The annual bonus targets will have a 90% weighting based on performance under an agreed balanced scorecard which includes an element of risk appraisal. Within the scorecard at least 50% of the bonus will be based on financial performance. 10% of bonus will be based on personal performance targets.,What determines the weighting of the annual bonus targets?,performance under an agreed balanced scorecard which includes an element of risk appraisal,performance under an agreed balanced scorecard,incomplete,other,it is an externally managed investment company,157,"The Board considers provisions a to c above are not relevant to the Company as it is an externally managed investment company. In particular, all of the Company's day-to-day management and administrative functions are outsourced to third parties.",What drives the Board to consider provisions a to c irrelevant to the Company?,other,True,1,7,7,0,0.0,0.0,short,valid,"Complete, coherent donor answer; clearly wrong for the target question and not a boundary variant of the chosen answer."
C1X016,c1_v7_candidate_0073,m1_v6_screened_0073,585,"As a result of these very high standards and relentless focus, we have a strong performance in health and safety.",What explains their strong performance in health and safety?,these very high standards and relentless focus,these very high standards,incomplete,cause,the external evaluation results,1524,"Activities in the year ended 31 March 2017. During the year the Committee undertook the following activities: • reviewed financial year reporting matters and disclosures • reviewed the structure, size and composition of the Board and Committees in light of the external evaluation results.","What factor facilitated the review of the structure, size and composition of the Board and Committees?",cause,True,1,4,4,0,0.0,0.0,very_short,valid,"Complete, coherent donor answer; clearly wrong for the target question and not a boundary variant of the chosen answer."
C1X017,c1_v7_candidate_0132,m1_v6_screened_0132,1702,"In 2018 the company promoted its relationship with universities and research centers as a source of innovation and technology transfer, giving rise to seminars such as Indradays and Chairs, as well as specific frameworks and agreements.",What were the effects of the company promoting its relationship with universities and research centers as a source of innovation and technology transfer?,"seminars such as Indradays and Chairs, as well as specific frameworks and agreements",seminars such as Indradays and Chairs,incomplete,effect,simplifying the arrangements in place at Volution,1950,"Taking into account this feedback from shareholders, the Committee has increased the weighting of the EPS measure and reduced the weighting of the adjusted operating profit measure, whilst keeping the total percentage of the bonus based on profit measures the same as last year (85%). The Committee has also determined that the Group employee retention measure is no longer as relevant to measuring the success of the business and it will therefore not be used as a measure for the 2017/18 ABP. Instead, there will be an increased weighting on working capital management, which remains a focus for management. The Committee is aware of the current trend of a ""simplification"" of incentive arrangements in the UK listed environment. These changes reduce the number of performance measures used (from four to three), therefore simplifying the arrangements in place at Volution. The performance measures and weightings for the year ended 31 July 2018 will therefore become adjusted operating profit (35%), adjusted EPS (50%) and working capital management (15%). The targets set for the year ended 31 July 2018 will be disclosed in the next Annual Report on Remuneration, unless they remain commercially sensitive.",What is the outcome of the changes reducing the number of performance measures used (from four to three)?,effect,True,1,10,10,0,0.0,0.0,short,valid,"Complete, coherent donor answer; clearly wrong for the target question and not a boundary variant of the chosen answer."
C1X018,c1_v7_candidate_0153,m1_v6_screened_0153,1678,"Amounts receivable under the Group's defense contracts are substantial. Therefore, the timing of, or failure to receive, awards and associated cash advances and milestone payments will materially affect the Group's profits and cash flows for the periods involved, thereby reducing the cash available to meet the Group's allocation requirements.",What are the consequences of amounts receivable under the Group's defense contracts being substantial?,"the timing of, or failure to receive, awards and associated cash advances and milestone payments will materially affect the Group's profits and cash flows for the periods involved","the timing of, or failure to receive, awards and associated cash advances and milestone payments will materially affect the Group's profits and cash flows for the periods involved, thereby reducing the cash available to meet the Group's allocation requirements",overextended,effect,"the oral products that are currently in the US market have so far not achieved a significant share leaving the market open for new entrants, such as Allergy Therapeutics, with the right products, manufacturing capability and commercial approach",1395,"Given the widespread adoption of subcutaneous immunotherapy (SCIT) treatments in the US, the oral products that are currently in the US market have so far not achieved a significant share leaving the market open for new entrants, such as Allergy Therapeutics, with the right products, manufacturing capability and commercial approach.",What are the consequences of the widespread adoption of subcutaneous immunotherapy (SCIT) treatments in the US?,effect,True,1,44,44,0,0.0,0.0,long,valid,"Complete, coherent donor answer; clearly wrong for the target question and not a boundary variant of the chosen answer."
C1X019,c1_v7_candidate_0193,m1_v6_screened_0193,1250,"We see significant and growing opportunities for our software to enhance the performance of businesses in construction and other sectors, by improving the timeliness, cost-efficiency and risk profiles of customers' projects. Thanks to the dedication and skills of our talented colleagues, Elecosoft is increasingly seen as a market-leading provider of construction software and training, across all phases of a construction project and beyond, in the on-going lifecycle of buildings with an excellent reputation for developing and delivering market leading software to our customers.",What is the impact of the dedication and skills of the colleagues?,"Elecosoft is increasingly seen as a market-leading provider of construction software and training, across all phases of a construction project and beyond, in the on-going lifecycle of buildings with an excellent reputation for developing and delivering market leading software to our customers",Elecosoft is increasingly seen as a market-leading provider of construction software,incomplete,effect,the Committee determined that 100% of this award should vest,1458,Based on Angus's achievement the Committee determined that 100% of this award should vest.,What is the implication of Angus's achievement?,effect,True,1,14,14,0,0.0,0.0,medium,valid,"Complete, coherent donor answer; clearly wrong for the target question and not a boundary variant of the chosen answer."
C1X020,c1_v7_candidate_0079,m1_v6_screened_0079,158,The Company is not within the scope of the Modern Slavery Act 2015 because it has insufficient turnover and is therefore not obliged to make a human trafficking statement.,What does the fact that the Company is not within the scope of the Modern Slavery Act 2015 owe to?,it has insufficient turnover,it has insufficient turnover and is therefore not obliged to make a human trafficking statement,overextended,cause,The Nationwide Foundation increases the availability of decent affordable homes for people in housing need,1560,"The Nationwide Foundation increases the availability of decent affordable homes for people in housing need, thus alleviating social and economic disadvantage in the UK. In 2016/17 the Nationwide Foundation received a donation of £2.8 million from Nationwide Building Society and funded 26 charitable causes.",Why does it alleviate social and economic disadvantage in the UK?,cause,True,1,15,15,0,0.0,0.0,medium,valid,"Complete, coherent donor answer; clearly wrong for the target question and not a boundary variant of the chosen answer."
C1X021,c1_v7_candidate_0166,m1_v6_screened_0166,1285,"In light of the growing focus on non-audit fees the Committee has enhanced its scrutiny to ensure that it is comfortable, on an ongoing basis that the nature of the non-audit work commissioned does not impinge on audit independence.",What have been the implications of the growing focus on non-audit fees?,"the Committee has enhanced its scrutiny to ensure that it is comfortable, on an ongoing basis that the nature of the non-audit work commissioned does not impinge on audit independence","the Committee has enhanced its scrutiny to ensure that it is comfortable, on an ongoing basis",incomplete,other,Brand reputation and the expressed demand and encouragement from our clients in 2017,1157,"These testimonials and commendations are of direct value to our shareholders because they signal the continued and growing preference for our brand. Brand reputation and the expressed demand and encouragement from our clients in 2017 has led us to open new offices in Portishead, Birmingham and Dumfries.","What prompted them to open new offices in Portishead, Birmingham and Dumfries?",other,True,1,17,17,0,0.0,0.0,medium,valid,"Complete, coherent donor answer; clearly wrong for the target question and not a boundary variant of the chosen answer."
C1X022,c1_v7_candidate_0190,m1_v6_screened_0190,1600,"Cashflow Net cash generated from operating activities was £0.7m (2016: £4.5m). This decrease was largely due to the reduction in our earnings before depreciation and amortisation plus the funding of increases in our inventories, reduction in trade and other payables and our investment in engineering resources.",What were the reasons behind the decrease in net cash generated from operating activities to £0.7m from £4.5m in 2016?,"the reduction in our earnings before depreciation and amortisation plus the funding of increases in our inventories, reduction in trade and other payables and our investment in engineering resources","our earnings before depreciation and amortisation plus the funding of increases in our inventories, reduction in trade and other payables and our investment in engineering resources",incomplete,cause,their high presence in different committees and the fact that proprietary directors that represent a single shareholder are prohibited from participating in decisions for proposing and appointing independent directors,1745,"Similarly, the Articles of Association and the Board Regulations stipulate the maximum number of proprietary directors that can represent a single shareholder (without prejudice to the right of representation), which reinforces the role of independent directors, due to their high presence in different committees and the fact that proprietary directors that represent a single shareholder are prohibited from participating in decisions for proposing and appointing independent directors.",What factors contribute to the strengthening of the position of independent directors?,cause,True,1,30,30,0,0.0,0.0,long,valid,"Complete, coherent donor answer; clearly wrong for the target question and not a boundary variant of the chosen answer."
C1X023,c1_v7_candidate_0234,m1_v6_screened_0234,191,The Committee has considered it appropriate not to disclose the actual targets for these awards as they were set at a time when the Company was a private company and as such the Board considers the underlying targets to be commercially sensitive.,Why has the Committee considered it appropriate not to disclose the actual targets for these awards?,they were set at a time when the Company was a private company and as such the Board considers the underlying targets to be commercially sensitive,they were set at a time when the Company was a private company,incomplete,cause,the December meeting being rescheduled to January 2018,763,"The Audit Committee comprises four independent Non-Executive Directors. It normally holds four meetings per year, organised around the Company's reporting schedule. In 2017 three Audit Committee meetings were held due to the December meeting being rescheduled to January 2018.",What was the reason behind holding three Audit Committee meetings in 2017?,cause,True,1,13,13,0,0.0,0.0,medium,valid,"Complete, coherent donor answer; clearly wrong for the target question and not a boundary variant of the chosen answer."
C1X024,c1_v7_candidate_0063,m1_v6_screened_0063,1431,"Based on their assessment and considerations, the Directors have concluded that they should continue to prepare the financial statements of the Company on a going concern basis and the financial statements have been prepared accordingly.",What happened as a result of their assessment and considerations?,the Directors have concluded that they should continue to prepare the financial statements of the Company on a going concern basis and the financial statements have been prepared accordingly,the Directors have concluded that they should continue to prepare the financial statements of the Company on a going concern basis,incomplete,effect,Percentage changes are calculated from the base data and may differ slightly from changes calculated from the data in the tables,1961,6. Percentage changes are calculated from the base data and may differ slightly from changes calculated from the data in the tables because of rounding.,What is the impact of rounding?,effect,True,1,21,21,0,0.0,0.0,long,valid,"Complete, coherent donor answer; clearly wrong for the target question and not a boundary variant of the chosen answer."
C1X025,c1_v7_candidate_0053,m1_v6_screened_0053,1291,"Following its annual review, the Committee recommended to the Board not to establish an internal audit function, due to the existence of current controls and review systems, and as the Company was neither of sufficient size nor complexity to warrant it.","Following its annual review, why did the Committee recommend to the Board not to establish an internal audit function?","the existence of current controls and review systems, and as the Company was neither of sufficient size nor complexity to warrant it",the existence of current controls and review systems,incomplete,cause,the limited level of exploration completed to date,1536,"Two visits were made to Rio Negro, to review geology and drill core at the Calcatreu project. There appears to be good potential to increase the resource at the project due to the limited level of exploration completed to date.",What accounts for the apparent good potential to increase the resource at the Calcatreu project?,cause,True,1,8,8,0,0.0,0.0,short,valid,"Complete, coherent donor answer; clearly wrong for the target question and not a boundary variant of the chosen answer."
C1X026,c1_v7_candidate_0167,m1_v6_screened_0167,1197,"The Company became a member of the AIC with effect from 27 March 2013 and has therefore put in place arrangements to comply with the AIC Code and, in accordance with the AIC Code, complies with the UK Code.",What have been the implications of the Company becoming a member of the AIC with effect from 27 March 2013?,"put in place arrangements to comply with the AIC Code and, in accordance with the AIC Code, complies with the UK Code",put in place arrangements to comply with the AIC Code,incomplete,other,it is uncertain what the final requirements and timing will be,1779,"As the proposals remain in draft, it is uncertain what the final requirements and timing will be. Under the BoE's statement of policy on MREL, the BoE will set MREL for UK G-SIBs as necessary to implement the TLAC standard and institution or group-specific MREL requirements will depend on the preferred resolution strategy for that institution or group.",What does the proposal being in draft phase translates to?,other,True,1,11,11,0,0.0,0.0,short,valid,"Complete, coherent donor answer; clearly wrong for the target question and not a boundary variant of the chosen answer."
C1X027,c1_v7_candidate_0146,m1_v6_screened_0146,1062,"Our associate company, Troy Homes Limited, is in its second operating year and, as expected, further losses were incurred during the start-up phase. The Group has therefore made a provision of £238,000 and the carrying value is now £1.1 million.","Why has the Group made a provision of £238,000 and the carrying value is now £1.1 million?","Our associate company, Troy Homes Limited, is in its second operating year and, as expected, further losses were incurred during the start-up phase","Our associate company, Troy Homes Limited, is in its second operating year",incomplete,cause,"a variety of factors, some of which are outside STV's control",1412,"Dependence on advertising STV's sales, expenses and operating results could vary from period to period as a result of a variety of factors, some of which are outside STV's control. These factors include general economic conditions; conditions specific to general advertising markets including the commercial television market; trends in sales","What factor causes STV's sales, expenses, and operating results to vary from period to period?",cause,True,1,14,14,0,0.0,0.0,medium,valid,"Complete, coherent donor answer; clearly wrong for the target question and not a boundary variant of the chosen answer."
C1X028,c1_v7_candidate_0196,m1_v6_screened_0196,414,"Many of these factors are outside the Group's control. The Group accepts no liability to publicly revise or update these forward-looking statements or adjust them for future events or developments, whether as a result of new information, future events or otherwise, except to the extent legally required.",For what reasons does the Group accept no liability to publicly revise or adjust forward-looking statements for future scenarios?,"new information, future events or otherwise, except to the extent legally required","future events or otherwise, except to the extent legally required",incomplete,cause,Non-financial risks cannot be assessed readily in financial terms,1561,"Non-financial risks cannot be assessed readily in financial terms and, therefore, cannot be reflected reliably in the financial statements.",What is the reason non-financial risks cannot be reliably reflected in the financial statements?,cause,True,1,11,11,0,0.0,0.0,short,valid,"Complete, coherent donor answer; clearly wrong for the target question and not a boundary variant of the chosen answer."
C1X029,c1_v7_candidate_0092,m1_v6_screened_0092,361,Prior year adjustments totalling £4.4m arise primarily from adjustments to amounts provided following the filing of tax returns and as a result of the expiration of statutes of limitations and closure of tax authority audits.,What factors primarily explain why the prior year adjustments totaling £4.4 million arose?,adjustments to amounts provided following the filing of tax returns and as a result of the expiration of statutes of limitations and closure of tax authority audits,adjustments to amounts provided following the filing of tax returns and as a result of the expiration of statutes of limitations,incomplete,cause,the release of deferred income in relation to license payments and maintenance agreements and accrued income in relation to work in progress,719,These are amounts invoiced in year. This differs from revenue as defined by IFRS due to the release of deferred income in relation to license payments and maintenance agreements and accrued income in relation to work in progress.,What causes the amounts invoiced to differ from revenue as defined by IFRS?,cause,True,1,22,22,0,0.0,0.0,long,valid,"Complete, coherent donor answer; clearly wrong for the target question and not a boundary variant of the chosen answer."
C1X030,c1_v7_candidate_0023,m1_v6_screened_0023,1307,"• The largest increases were in Spain due to the acquisition of Banco Popular; SCF, because of higher releases and portfolio sales in 2017, although its cost of credit remained below the standards for this business; and Argentina due to higher provisions for individual customers and the impact of the peso's depreciation on dollar balances.",What caused the increases in Argentina?,higher provisions for individual customers and the impact of the peso's depreciation on dollar balances,higher provisions for individual customers,incomplete,cause,This approval process remains ongoing,393,"In October 2016, we announced an implementation agreement to sell ACR to two Shenzhen government sponsored investment companies, subject to regulatory and other approvals. This approval process remains ongoing and, as a result, we did not value ACR on an imminent sales basis as at 31 March 2017.",Why did they not value ACR on an imminent sales basis as of 31 March 2017?,cause,True,1,5,5,0,0.0,0.0,very_short,valid,"Complete, coherent donor answer; clearly wrong for the target question and not a boundary variant of the chosen answer."
C1X031,c1_v7_candidate_0109,m1_v6_screened_0109,85,Finance costs have increased by £2.9 million during the year as a result of increased margins applicable under the revolving credit facility and the full year impact of the interest rate swap taken out in July 2016. Net debt has reduced during the year by £55.9 million to £192.0 million.,Why have finance costs increased by £2.9 million during the year?,increased margins applicable under the revolving credit facility and the full year impact of the interest rate swap taken out in July 2016,increased margins applicable under the revolving credit facility,incomplete,cause,the dividend payments and the purchase of own shares,319,"Total current assets decreased to US$118.4 million (2016: US$ 125.7 million), with cash decreasing primarily as a result of the dividend payments and the purchase of own shares. Current liabilities increased to US$25.1 million (2016: US$ 11.7 million) mainly due to the merchant processing liabilities of US$11.0 million and increase",What factor contributed to the decrease in total current assets to US$118.4 million?,cause,True,1,9,9,0,0.0,0.0,short,valid,"Complete, coherent donor answer; clearly wrong for the target question and not a boundary variant of the chosen answer."
C1X032,c1_v7_candidate_0004,m1_v6_screened_0004,380,"The Group's outcome-orientated approach, which focuses on tailoring solutions using the Group's various skillsets in order to achieve client outcomes, has conduct at its core. Therefore, in assessing the Group's risks, the Directors have considered the FCA's 11 principles for businesses.",What motivated the Directors to consider the FCA's 11 principles for business when assessing the Group's risk?,"The Group's outcome-orientated approach, which focuses on tailoring solutions using the Group's various skillsets in order to achieve client outcomes, has conduct at its core","The Group's outcome-orientated approach, which focuses on tailoring solutions using the Group's various skillsets",incomplete,other,delays in fitting prepayment meters following service level issues with one of our meter operators ('MOPs'),1535,"The number of prepayment meters we installed during the year, many of which were provided at the Member's own request, fell to 5,357 (2016: 6,775), partly due to delays in fitting prepayment meters following service level issues with one of our meter operators ('MOPs')","What contributed to the decrease in the number of prepayment meters installed during the year, falling to 5,357 from 6,775 in 2016?",other,True,1,22,22,0,0.0,0.0,long,valid,"Complete, coherent donor answer; clearly wrong for the target question and not a boundary variant of the chosen answer."
C1X033,c1_v7_candidate_0138,m1_v6_screened_0138,107,"Our mission to provide the best customer experience has led to an increased level of specialisation and customisation, and, as a result, the creation of specialised businesses/centres where expert managers offer the specific and customised financial advice services that our customers deserve. For this reason, we have created segments and divisions with specific knowledge bases.",What was the result of the mission to provide the best customer experience?,"an increased level of specialisation and customisation, and, as a result, the creation of specialised businesses/centres where expert managers offer the specific and customised financial advice services that our customers deserve",an increased level of specialisation and customisation,incomplete,other,these include matters which the Committee considers commercially sensitive,1721,"The Committee has chosen not to disclose, in advance, the financial performance targets for the forthcoming year as these include matters which the Committee considers commercially sensitive.",What drove the Committee's decision not to disclose the financial performance targets for the forthcoming year in advance?,other,True,1,9,9,0,0.0,0.0,short,valid,"Complete, coherent donor answer; clearly wrong for the target question and not a boundary variant of the chosen answer."
C1X034,c1_v7_candidate_0040,m1_v6_screened_0040,804,EBITDA growth resulted from the credit positive performances of Distribution and IT Solutions and a reduction in net indirect costs as a consequence of the adoption of IFRS 16 in 2018.,What prompted the EBITDA growth?,the credit positive performances of Distribution and IT Solutions and a reduction in net indirect costs as a consequence of the adoption of IFRS 16 in 2018,the credit positive performances of Distribution and IT Solutions,incomplete,other,their wise counsel during their time on the Board,779,I would like to thank Adrian for his extraordinary contribution as Chairman and to add my thanks to Ken Hydon and Judy Sprieser for their wise counsel during their time on the Board. RB is an outstanding company and it is an honour to follow Adrian as Chairman.,What contributions of Ken Hydon and Judy Sprieser have led to the appreciation and thanks they receive?,other,True,1,9,9,0,0.0,0.0,short,valid,"Complete, coherent donor answer; clearly wrong for the target question and not a boundary variant of the chosen answer."
C1X035,c1_v7_candidate_0192,m1_v6_screened_0192,1507,"FTSE Russell revenue increased by 15%, with performance in line with the Group's announced double-digit growth target for FTSE Russell revenue. This performance was driven by increases in AUM levels in benchmarked ETFs and other investable products, as well as strong subscription renewal rates and data sales.","What factors contributed to the Group's performance being in line with the double-digit growth target for FTSE Russell revenue, which increased by 15%?","increases in AUM levels in benchmarked ETFs and other investable products, as well as strong subscription renewal rates and data sales","in AUM levels in benchmarked ETFs and other investable products, as well as strong subscription renewal rates and data sales",incomplete,cause,"branch and selling costs, central costs and exceptional items (non-finance) are allocated centrally rather than to each reportable segment",1726,"2 These measures are not reported on a segmental basis because branch and selling costs, central costs and exceptional items (non-finance) are allocated centrally rather than to each reportable segment.",What is the reason these measures are not reported on a segmental basis?,cause,True,1,25,25,0,0.0,0.0,long,valid,"Complete, coherent donor answer; clearly wrong for the target question and not a boundary variant of the chosen answer."
C1X036,c1_v7_candidate_0051,m1_v6_screened_0051,1034,"However, our customer service metrics remain exceptional across all of the countries in which we operate because we make it our mission to care more and we continue to innovate to create the best customer experience for tomorrow.",What is the reason their customer service metrics remain exceptional across all of the countries?,we make it our mission to care more and we continue to innovate to create the best customer experience for tomorrow,we make it our mission to care more,incomplete,cause,the strong performance of the Upstream segment,1021,"The increase in operating income (€+1.181 million; +37%), owing to the strong performance of the Upstream segment, drove EBITDA upward by +12%.",What reason was behind the increase in operating income (€+1.181 million; +37% driving EBITDA upward by +12%)?,cause,True,1,8,8,0,0.0,0.0,short,valid,"Complete, coherent donor answer; clearly wrong for the target question and not a boundary variant of the chosen answer."
C1X037,c1_v7_candidate_0106,m1_v6_screened_0106,1408,"This compliance system is based on the principle of due control given that, a) Compliance risks are regularly analysed; b) Expected behaviours are carefully defined in the Code of Ethics, which is given to all employees; c) There is an independent prevention and compliance body that has the resources to assess the effectiveness of the model, reporting directly to the Board of Directors; d) A procedure has been put in place to anonymously and confidentially report any irregularities.",What factors lead to the compliance system being based on the principle of due control?,"Compliance risks are regularly analysed; b) Expected behaviours are carefully defined in the Code of Ethics, which is given to all employees; c) There is an independent prevention and compliance body that has the resources to assess the effectiveness of the model, reporting directly to the Board of Directors; d) A procedure has been put in place to anonymously and confidentially report any irregularities","Compliance risks are regularly analysed; b) Expected behaviours are carefully defined in the Code of Ethics, which is given to all employees; c) There is an independent prevention and compliance body that has the resources to assess the effectiveness of the model, reporting directly to the Board of Directors",incomplete,cause,"the inclusion of profit due to the minority interests of Inversiones Finisterre, following that acquisition in the last quarter of 2017, as well as to the one-third minority investors in Karco Engineering, acquired by the Group in May 2018",140,"Non-controlling interests increased from €10.0 million in 2017 to €19.0 million in 2018. The increase of €9.0 million in the period is mostly due to the inclusion of profit due to the minority interests of Inversiones Finisterre, following that acquisition in the last quarter of 2017, as well as to the one-third minority investors in Karco Engineering, acquired by the Group in May 2018, but also includes profit growth from other non wholly-owned subsidiary investments.",To what factors is the increase in non-controlling interests (from €10.0m in 2017 to €19.0m in 2018) attributable?,cause,True,1,56,56,0,0.0,0.05,long,valid,"Complete, coherent donor answer; clearly wrong for the target question and not a boundary variant of the chosen answer."
C1X038,c1_v7_candidate_0114,m1_v6_screened_0114,347,"Due to the modest size of the Group, the Board is able to maintain a close direct control over all activities of the Group and does not believe it would be cost efficient to operate a separate internal audit function.",What are the implications of the Group's modest size?,the Board is able to maintain a close direct control over all activities of the Group and does not believe it would be cost efficient to operate a separate internal audit function,the Board is able to maintain a close direct control over all activities of the Group,incomplete,effect,"no consultation of employees is required, and there is no employee comparative data to provide",1661,"The Company has no Chief Executive Officer and no employees and therefore no consultation of employees is required, and there is no employee comparative data to provide, in relation to the setting of the remuneration policy for Directors. The Company has not sought shareholder views on its remuneration policy.",What are the implications of the Company having no Chief Executive Officer and no employees?,effect,True,1,16,16,0,0.0,0.0,medium,valid,"Complete, coherent donor answer; clearly wrong for the target question and not a boundary variant of the chosen answer."
C1X039,c1_v7_candidate_0058,m1_v6_screened_0058,656,The unchanged capacity and fall in revenue and underlying EBITDA in Foster Care is due to the competitive nature of the market as well the change to family assessments in the home. It is also due to capacity being reported on the basis of the children that carers are able,What reasons explain the unchanged capacity and the fall in revenue and underlying EBITDA in Foster Care?,the competitive nature of the market as well the change to family assessments in the home,the competitive nature of the market,incomplete,cause,uncertain tax position provision releases,1573,The effective tax rate on adjusted earnings in 2017 was 11.1% compared with an effective rate of 16.5% in 2016. The decrease in tax rate was primarily due to uncertain tax position provision releases due to the expiry of relevant statutes of limitation.,What is the reason tax rate decreased?,cause,True,1,6,6,0,0.0,0.0,very_short,valid,"Complete, coherent donor answer; clearly wrong for the target question and not a boundary variant of the chosen answer."
C1X040,c1_v7_candidate_0011,m1_v6_screened_0011,1115,"The bank's interest rate risk was also monitored and managed, and it was maintained at acceptable levels. Indeed, the positioning of the fixed income ALCO portfolio and the balance sheet hedges mitigated the adverse effect of the Euribor interest rates, to which the majority of the bank's loans are referenced.",What contributed to offsetting the adverse effect of the Euribor interest rates?,the positioning of the fixed income ALCO portfolio and the balance sheet hedges,the positioning of the fixed income ALCO portfolio,incomplete,other,the spike in demand for the production of electricity,677,"The average Henry Hub US natural gas price reference for Repsol was $3.1/MBtu (in line with 2017 data). The supply of natural gas in the United States continued to grow at significant rates for both dry gas and gas associated with the production of oil. On the demand side, the increase in the exports of liquefied natural gas (LNG) and the spike in demand for the production of electricity were key factors. The latter was due to the switch from coal as a production fuel. Inventories at the end of December were 19% lower than both the level reached in 2017 and the historic average over the past five years.",What did the switch from coal as a production fuel entail at Repsol in the United States?,other,True,1,9,9,0,0.0,0.0,short,valid,"Complete, coherent donor answer; clearly wrong for the target question and not a boundary variant of the chosen answer."
C1X041,c1_v7_candidate_0059,m1_v6_screened_0059,1595,"The approach to data analytics performed by KPMG expands their audit coverage to 100% of revenue, which together with the data analytics performed by management has led to increased overall assurance in this area.",What are the factors contributing to the increase in overall assurance in this area?,"The approach to data analytics performed by KPMG expands their audit coverage to 100% of revenue, which together with the data analytics performed by management",The approach to data analytics performed by KPMG expands their audit coverage to 100% of revenue,incomplete,cause,the cost of acquisitions and capital expenditure and the conversion of £19.3 million convertible bonds in the year,94,The strong growth in the valuation of the portfolio has seen the loan to value ratio fall to 52.9% (2016: 53.7%) despite the total level of net debt rising by £64.6 million in the year due to the cost of acquisitions and capital expenditure and the conversion of £19.3 million convertible bonds in the year.,What caused the loan-to-value ratio to decrease to 52.9% despite a £64.6 million increase in net debt during the year?,cause,True,1,22,22,0,0.0,0.0,long,valid,"Complete, coherent donor answer; clearly wrong for the target question and not a boundary variant of the chosen answer."
C1X042,c1_v7_candidate_0070,m1_v6_screened_0070,1329,"The non-standard nature of the properties within the commercial mortgage portfolio means that there are also a number of loans that are not past due or are past due by less than three months at the reporting date, but where objective evidence indicates that losses are likely. A total individual impairment provision of £7.7m (2016: £8.4m), as shown in note 16 to the Accounts, is held against these accounts and the individually impaired loans in the above tables.",What are the implications of the non-standard nature of the properties within the commercial mortgage portfolio?,"there are also a number of loans that are not past due or are past due by less than three months at the reporting date, but where objective evidence indicates that losses are likely",there are also a number of loans that are not past due or are past due by less than three months at the reporting date,incomplete,effect,"Barclays PLC, Barclays Bank PLC and BUSL have elected to be treated as financial holding companies under the BHC Act",1864,"Because the BHC Act generally restricts the activities of BHCs to banking and activities closely related to banking, Barclays PLC, Barclays Bank PLC and BUSL have elected to be treated as financial holding companies under the BHC Act.",What is the consequence of the BHC Act generally restricting the activities of BHCs to banking and closely related activities?,effect,True,1,25,25,0,0.0,0.0,long,valid,"Complete, coherent donor answer; clearly wrong for the target question and not a boundary variant of the chosen answer."
C1X043,c1_v7_candidate_0163,m1_v6_screened_0163,1173,"As a result of all this investment, combined with an additional effort to improve operational efficiency, the group expects to improve its results to between 3,700 and 3,900 million euros of net profit by 2022, a 30% increase over the 2018 results.",What is the outcome of the investments and the focus on operational efficiency?,"the group expects to improve its results to between 3,700 and 3,900 million euros of net profit by 2022, a 30% increase over the 2018 results","to between 3,700 and 3,900 million euros of net profit by 2022",incomplete,effect,Return on average operating capital decreased from 55.9% in 2016 to 53.1%,1444,"At constant exchange rates, revenue increased by 10% and adjusted operating profit rose by 6% with the Group operating margin declining from 7.1% to 6.9%. Adjusted earnings per share were up 7%. Return on average operating capital decreased from 55.9% in 2016 to 53.1% due to a lower operating margin.",What did a lower operating margin lead to?,effect,True,1,26,26,0,0.0,0.0,long,valid,"Complete, coherent donor answer; clearly wrong for the target question and not a boundary variant of the chosen answer."
C1X044,c1_v7_candidate_0230,m1_v6_screened_0230,411,"In 2017, the Committee received advice from Deloitte LLP ('Deloitte'), who they appointed in 2015 for their particular expertise both at a local and global level, due to the worldwide operations of the Group and, following review, the Committee remains satisfied that their advice is objective and independent.",What explains Deloitte's particular expertise at both the local and global levels?,the worldwide operations of the Group,"the worldwide operations of the Group and, following review, the Committee remains satisfied",overextended,cause,further penetration of the market by the Group's convenient ultra-short course treatment,1373,"Revenue for 2018 is again set to show continued growth at constant currency, driven by further penetration of the market by the Group's convenient ultra-short course treatment.",What is the expected continued growth in revenue at constant currency for 2018 owed to?,cause,True,1,15,15,0,0.0,0.0,medium,valid,"Complete, coherent donor answer; clearly wrong for the target question and not a boundary variant of the chosen answer."
C1X045,c1_v7_candidate_0081,m1_v6_screened_0081,390,"The statutory result for the year after tax, exceptional items and IAS19 interest was a profit of £11.7m (2016: £12.6m). The Group's effective tax rate decreased to 14% (2016: 17%) due to the utilisation of prior year losses and capital allowances.","What is the reason for the decrease in the Group's effective tax rate to 14% this year, compared to 17% in 2016?",the utilisation of prior year losses and capital allowances,the utilisation of prior year losses,incomplete,cause,the challenges faced in the Municipal Division,697,Profit performance for the Group was below threshold as a result of the challenges faced in the Municipal Division.,What caused the profit performance for the Group to be below threshold?,cause,True,1,7,7,0,0.0,0.0,short,valid,"Complete, coherent donor answer; clearly wrong for the target question and not a boundary variant of the chosen answer."
C1X046,c1_v7_candidate_0150,m1_v6_screened_0150,1549,5 The maximum opportunity for 'single figure' purposes is 200% of salary. 50% of bonus is deferred in shares which vest subject to performance and are therefore defined as a long term incentive.,Why are shares defined as a long term incentive?,50% of bonus is deferred in shares which vest subject to performance,50% of bonus is deferred in shares,incomplete,cause,an asset sale and application of tighter entry criteria,72,"■ ■ Barclays UK: Reduction was driven by UK cards portfolio, where balances on forbearance plans were lower due to an asset sale and application of tighter entry criteria.",What factors drove the lower balances on forbearance plans?,cause,True,1,9,9,0,0.0,0.0,short,valid,"Complete, coherent donor answer; clearly wrong for the target question and not a boundary variant of the chosen answer."
C1X047,c1_v7_candidate_0198,m1_v6_screened_0198,1711,"Premier believes that risk management is just good management, leading to better quality decision-making and improving the likelihood of achieving business objectives. Premier has adopted a framework for risk management based on ISO 31000 principles and guidelines.",What does Premier's belief that risk management is just good management result in?,better quality decision-making and improving the likelihood of achieving business objectives,better quality decision-making,incomplete,effect,Continuous improvement of reporting processes,696,• Continuous improvement of reporting processes as a result of better data capture.,What is the effect of better data capture?,effect,True,1,4,5,1,0.25,0.0,very_short,valid,"Complete, coherent donor answer; clearly wrong for the target question and not a boundary variant of the chosen answer."
C1X048,c1_v7_candidate_0088,m1_v6_screened_0088,1974,"Finance expense increased due to the increased amount of debt and the refinancing during the period. The increase debt reflects the portfolio acquisition in March 2017, with the assumption of £69.4m of bank borrowing and some £35.7m of Zero Dividend Preference shares (""ZDP"") and the £35.7m of additional borrowings.",What drove the increase in finance expense?,the increased amount of debt and the refinancing during the period,the increased amount of debt,incomplete,other,two major contracts in Australia,872,"Asia‑Pacific (APAC) In APAC, constant currency revenue was up 25% with significant increases in both Asia and Australia. However the operating loss was only slightly less than in 2016, largely as a result of two major contracts in Australia, where adverse ground conditions, technical issues and a contractual dispute resulted in a total loss on these contracts of £14m.",What prompted the operating loss to be only slightly less than in 2016?,other,True,1,5,5,0,0.0,0.0,very_short,valid,"Complete, coherent donor answer; clearly wrong for the target question and not a boundary variant of the chosen answer."
C1X049,c1_v7_candidate_0148,m1_v6_screened_0148,63,Trust in a company provides the licence to operate. Our reputation and the associated trust is driven by how we engage with all our stakeholders and this is vital to building a sustainable business.,What contributes to their reputation and its associated trust?,how we engage with all our stakeholders,how we engage with all our stakeholders and this is vital to building a sustainable business,overextended,other,"IG operates as one of the market makers to the exchange, and faces market risk",524,"Prices for contracts listed on the exchange are provided by market makers, who are also members of the exchange and pay fees for trading. IG operates as one of the market makers to the exchange, and faces market risk as a result of this activity.",What does the IG activity imply?,other,True,1,16,16,0,0.0,0.0,medium,valid,"Complete, coherent donor answer; clearly wrong for the target question and not a boundary variant of the chosen answer."
C1X050,c1_v7_candidate_0162,m1_v6_screened_0162,69,Heavy delays to new buildings under construction mean that tankers scheduled for delivery in 2016 slipped into 2017 and beyond and resulted in lower overall fleet growth in 2016 than expected.,What do the heavy delays to new buildings under construction imply?,tankers scheduled for delivery in 2016 slipped into 2017 and beyond,tankers scheduled for delivery in 2016 slipped into 2017 and beyond and resulted in lower overall fleet growth in 2016 than expected,overextended,other,the Audit and Risk Committee will be focussed on the Company's IT security in the coming year and will be working closely with the executive to ensure that appropriate safeguards are in place,1270,In light of recent events the Audit and Risk Committee will be focussed on the Company's IT security in the coming year and will be working closely with the executive to ensure that appropriate safeguards are in place.,What will recent events imply?,other,True,1,35,35,0,0.0,0.0,long,valid,"Complete, coherent donor answer; clearly wrong for the target question and not a boundary variant of the chosen answer."
